Symbol,Name,Last,Change,%Chg,Open,High,Low,Volume,Time
A,"Agilent Technologies",127.44,-4.74,-3.59%,130.45,130.93,126.96,1154600,2022-10-07
AA,"Alcoa Corp",39.01,-0.84,-2.11%,39.04,39.35,37.88,6270600,2022-10-07
AAL,"American Airlines Gp",12.18,-0.55,-4.32%,12.5,12.54,11.94,37297602,2022-10-07
AAP,"Advance Auto Parts Inc",161.32,-3.82,-2.31%,163.97,164.03,160.1,582700,2022-10-07
AAPL,"Apple Inc",140.09,-5.34,-3.67%,142.54,143.1,139.45,85925500,2022-10-07
ABBV,"Abbvie Inc",138.76,-1.53,-1.09%,139.01,140.05,137.55,4648800,2022-10-07
ABC,"Amerisourcebergen Corp",137.35,-2.56,-1.83%,138.8,139.27,136.87,1034500,2022-10-07
ABMD,"Abiomed Inc",257.09,-10.12,-3.79%,263.37,266.53,255.48,242900,2022-10-07
ABNB,"Airbnb Inc Cl A",108.54,-3.04,-2.72%,108.87,109.53,107.1,3352700,2022-10-07
ABT,"Abbott Laboratories",101.79,-0.66,-0.64%,102.5,105.09,101.04,8485900,2022-10-07
ACGL,"Arch Capital Grp Ltd",45.67,-2.33,-4.85%,47.7,47.74,45.54,2712200,2022-10-07
ACHC,"Acadia Healthcr Company",80.17,-2.61,-3.15%,81.85,81.85,79.45,478200,2022-10-07
ACI,"Albertsons Companies Inc Cl A",24.43,-0.83,-3.29%,25.25,25.42,24.35,2420800,2022-10-07
ACM,"Aecom Technology Corp",72.09,-1.05,-1.44%,72.72,73.03,71.37,435400,2022-10-07
ACN,"Accenture Plc",259.71,-9.76,-3.62%,266.48,266.86,258.29,1951200,2022-10-07
ADBE,"Adobe Systems Inc",288.77,-9.64,-3.23%,291.36,293.7,286.83,3495900,2022-10-07
ADI,"Analog Devices",144.92,-6.05,-4.01%,147.67,148.63,144.13,4351200,2022-10-07
ADM,"Archer Daniels Midland",85.44,-0.31,-0.36%,84.98,86.04,84.33,2396100,2022-10-07
ADP,"Automatic Data Procs",227.12,-7.77,-3.31%,231.95,232.72,225.91,2068400,2022-10-07
ADSK,"Autodesk Inc",194.74,-11.13,-5.41%,201.59,202.17,193.27,1261200,2022-10-07
ADT,"ADT Inc",8.29,-0.13,-1.54%,8.35,8.41,8.19,6684200,2022-10-07
AEE,"Ameren Corp",76.96,-1.88,-2.38%,78.94,79.17,76.52,1739800,2022-10-07
AEP,"American Electric Power Company",82.99,-1.52,-1.80%,84.55,84.88,82.57,3717100,2022-10-07
AES,"The Aes Corp",24.92,-0.48,-1.89%,25.19,25.37,24.6,4443900,2022-10-07
AFG,"American Financial Group",127.03,-1.71,-1.33%,128.44,128.58,126.15,213600,2022-10-07
AFL,"Aflac Inc",57.69,-1.45,-2.45%,58.8,58.98,57.31,2404300,2022-10-07
AFRM,"Affirm Holdings Inc Cl A",18.9,-2.05,-9.79%,19.95,20.13,18.43,11565301,2022-10-07
AGCO,"Agco Corp",106.15,-0.25,-0.23%,105.33,106.31,103.46,597400,2022-10-07
AGL,"Agilon Health Inc",22.56,-0.58,-2.51%,22.75,22.86,22.23,2119900,2022-10-07
AGNC,"Agnc Investment Corp",7.87,-0.33,-4.02%,8.12,8.23,7.82,28069801,2022-10-07
AGO,"Assured Guaranty Ltd",50.25,-0.47,-0.93%,50.22,50.45,49.27,340900,2022-10-07
AGR,"Avangrid Inc",39.64,-1.37,-3.34%,40.97,41.03,39.3,632000,2022-10-07
AIG,"American International Group",49.71,-1.05,-2.07%,50.24,50.58,49.42,4097000,2022-10-07
AIRC,"Apartment Income REIT Corp",36.01,-1.11,-2.99%,36.77,36.96,35.83,1027300,2022-10-07
AIZ,"Assurant Inc",147.69,-2.24,-1.49%,148.83,148.83,146.43,331700,2022-10-07
AJG,"Arthur J. Gallagher & Company",174.31,-4.79,-2.67%,178.16,178.8,173.8,840500,2022-10-07
AKAM,"Akamai Technologies",82.08,-2.36,-2.79%,83.28,83.5,81.84,1108000,2022-10-07
AL,"Air Lease Corp Cl A",32.36,-0.51,-1.55%,32.35,32.65,31.68,362300,2022-10-07
ALB,"Albemarle Corp",272.53,-8.41,-2.99%,276.48,276.97,266.27,1031500,2022-10-07
ALGM,"Allegro Microsystems Inc",23.11,-0.8,-3.35%,23.18,23.43,22.97,518800,2022-10-07
ALGN,"Align Technology",211.58,-10.78,-4.85%,217.46,220.09,210.39,779500,2022-10-07
ALK,"Alaska Air Group",41.49,-0.97,-2.28%,41.92,42.04,40.89,830900,2022-10-07
ALL,"Allstate Corp",130.64,0.1,+0.08%,130.26,130.72,128.21,2223300,2022-10-07
ALLE,"Allegion Plc",92.42,-1.99,-2.11%,93.1,93.68,91.47,615600,2022-10-07
ALLY,"Ally Financial",29.11,-1.19,-3.93%,29.87,29.98,28.98,4616400,2022-10-07
ALNY,"Alnylam Pharmaceuticals",195.81,-6.56,-3.24%,201,202.53,194.96,844400,2022-10-07
ALSN,"Allison Transmission Holdings",35.18,-0.24,-0.68%,35.14,35.24,34.61,771700,2022-10-07
AM,"Antero Midstream Corp",9.78,-0.08,-0.81%,9.81,9.91,9.72,2250200,2022-10-07
AMAT,"Applied Materials",82.6,-5.52,-6.26%,85.17,85.54,82.02,10029800,2022-10-07
AMBP,"Ardagh Metal Packaging S.A.",4.87,-0.12,-2.40%,4.9,4.91,4.74,2984100,2022-10-07
AMC,"Amc Entertainment Holdings Inc",6.53,-0.59,-8.29%,7.1,7.1,6.4,23436201,2022-10-07
AMCR,"Amcor Plc",10.78,-0.29,-2.62%,10.95,10.95,10.73,5112900,2022-10-07
AMD,"Adv Micro Devices",58.44,-9.41,-13.87%,64.01,64.03,58.22,163786203,2022-10-07
AME,"Ametek Inc",116.29,-3.42,-2.86%,118.57,118.82,115.66,940100,2022-10-07
AMED,"Amedisys Inc",94.32,-2.84,-2.92%,97.01,97.11,93.73,483600,2022-10-07
AMG,"Affiliated Managers Group",118.33,-2.09,-1.74%,118.93,119.06,116.6,468600,2022-10-07
AMGN,"Amgen Inc",229.03,-1.91,-0.83%,230,231.51,228.57,2060000,2022-10-07
AMH,"American Homes 4 Rent",31.88,-1.11,-3.36%,32.73,32.87,31.64,1841800,2022-10-07
AMP,"Ameriprise Financial Services",271.86,-3.17,-1.15%,272.55,272.55,267.03,679200,2022-10-07
AMT,"American Tower Corp",194.63,-8.44,-4.16%,199.12,201.03,193.41,3165300,2022-10-07
AMZN,"Amazon.com Inc",114.56,-5.74,-4.77%,118,118.17,113.88,54677898,2022-10-07
AN,"Autonation Inc",100.82,-0.21,-0.21%,100.59,101.12,99.71,1603000,2022-10-07
ANET,"Arista Networks Inc",116.41,-5.49,-4.50%,119.7,119.93,115.69,1696900,2022-10-07
ANSS,"Ansys Inc",218.3,-13.93,-6.00%,227.15,227.44,216.74,626700,2022-10-07
AON,"AON Plc",273.11,-7.61,-2.71%,278.85,278.85,270.92,601400,2022-10-07
AOS,"Smith A.O. Corp",49.5,-1.28,-2.52%,50.24,50.28,49.21,1307300,2022-10-07
APA,"Apa Corp",42.52,0.32,+0.76%,42.15,43.71,41.93,10920000,2022-10-07
APD,"Air Products and Chemicals",231.75,-6.84,-2.87%,235.9,236.95,230.01,1046800,2022-10-07
APH,"Amphenol Corp",70.17,-2.23,-3.08%,71.36,71.49,69.83,2322700,2022-10-07
APO,"Apollo Asset Management Inc",48.77,-2.24,-4.39%,50.35,50.54,48.23,2330200,2022-10-07
APP,"Applovin Corp Cl A",19.22,-1.32,-6.43%,19.84,19.87,18.6,1895800,2022-10-07
APTV,"Aptiv Plc",85.19,-3.18,-3.60%,86.23,86.63,83.26,2418900,2022-10-07
AR,"Antero Resources Corp",32.32,-0.02,-0.06%,32.29,33.41,31.85,4246800,2022-10-07
ARE,"Alexandria Real Estate Equities",134.74,-4.59,-3.29%,137.79,138.06,133.74,822000,2022-10-07
ARES,"Ares Management LP",65.19,-2.03,-3.02%,66.11,66.42,64.75,703400,2022-10-07
ARMK,"Aramark Holdings Corp",34.02,-0.45,-1.31%,34.18,34.21,33.5,4099000,2022-10-07
ARW,"Arrow Electronics",95.54,-1.99,-2.04%,96.37,96.51,94.69,675500,2022-10-07
ASH,"Ashland Inc",94.84,-2.66,-2.73%,96.58,96.64,94.21,247700,2022-10-07
ATO,"Atmos Energy Corp",99.39,-1.42,-1.41%,100.65,100.79,98.84,856500,2022-10-07
ATR,Aptargroup,93.98,-3.76,-3.85%,96.93,96.93,93.6,118900,2022-10-07
ATUS,"Altice USA Inc Cl A",5.43,-0.32,-5.57%,5.7,5.76,5.39,6100100,2022-10-07
ATVI,"Activision Blizzard",73.35,-0.48,-0.65%,73.59,73.73,73.04,4208200,2022-10-07
AVB,"Avalonbay Communities",172.28,-5.35,-3.01%,175.95,176.82,171.01,728700,2022-10-07
AVGO,"Broadcom Ltd",460.48,-19.02,-3.97%,472.38,473.34,459.02,2842500,2022-10-07
AVLR,"Avalara Inc",92.65,0.08,+0.09%,92.45,92.66,92.26,2109200,2022-10-07
AVT,"Avnet Inc",37.91,-1.05,-2.70%,38.47,38.51,37.71,549600,2022-10-07
AVTR,"Avantor Inc",20.12,-0.97,-4.60%,20.82,20.87,19.92,6900800,2022-10-07
AVY,"Avery Dennison Corp",165.53,-4.57,-2.69%,168.14,168.86,164.39,311500,2022-10-07
AWI,"Armstrong World Industries Inc",82.89,-1.23,-1.46%,83.35,83.35,81.91,235900,2022-10-07
AWK,"American Water Works",127.45,-3.79,-2.89%,130.46,130.79,125.93,1051700,2022-10-07
AXON,"Axon Enterprise Inc",123.75,-2.69,-2.13%,123.94,124.55,121.63,403900,2022-10-07
AXP,"American Express Company",139,-3.38,-2.37%,140.42,141.29,138.08,2579600,2022-10-07
AXS,"Axis Capital Holdings",49.59,-2.04,-3.95%,51.46,51.46,49.23,377000,2022-10-07
AXTA,"Axalta Coating Systems Ltd",22.07,-1.26,-5.40%,23.01,23.22,21.98,2361600,2022-10-07
AYI,"Acuity Brands Inc",157.21,-7.13,-4.34%,162.22,162.22,155.29,378000,2022-10-07
AYX,"Alteryx Inc",53.93,-3.01,-5.29%,55.61,55.68,53.19,800600,2022-10-07
AZEK,"The Azek Company Cl A",17.75,-1.02,-5.43%,18.29,18.29,17.5,1951000,2022-10-07
AZO,Autozone,2174,-41.88,-1.89%,2213.96,2213.96,2165.86,139600,2022-10-07
AZPN,"Aspen Technology",253.41,-0.54,-0.21%,252.36,255.93,248.66,237600,2022-10-07
AZTA,"Azenta Inc",41.91,-3.06,-6.80%,44.08,44.18,41.5,586200,2022-10-07
BA,"Boeing Company",129.79,-2.41,-1.82%,130.36,130.61,128.02,5097300,2022-10-07
BAC,"Bank of America Corp",30.75,-0.71,-2.26%,31.17,31.24,30.52,52304598,2022-10-07
BAH,"Booz Allen Hamilton Holding Corp",97.24,0.66,+0.68%,96.07,97.3,95.41,605700,2022-10-07
BALL,"Ball Corporation",48.52,-1.42,-2.84%,49.13,49.29,48.26,1747800,2022-10-07
BAX,"Baxter International Inc",55.62,-0.63,-1.12%,55.89,56.14,55.26,2686600,2022-10-07
BBWI,"Bath & Body Works Inc",35.51,0.22,+0.62%,34.76,35.53,34.34,3202200,2022-10-07
BBY,"Best Buy Company",64.53,-2.28,-3.41%,65.53,65.79,64.18,1878400,2022-10-07
BC,"Brunswick Corp",67.94,-2.13,-3.04%,68.95,69.07,67.24,574100,2022-10-07
BDX,"Becton Dickinson and Company",222.67,-5.73,-2.51%,226.93,227.55,221.64,1436800,2022-10-07
BEN,"Franklin Resources",21.85,-1.1,-4.79%,22.6,22.71,21.66,3523400,2022-10-07
BEPC,"Brookfield Renewable Corp",32.57,-0.26,-0.79%,32.8,32.9,32.29,866900,2022-10-07
BERY,"Berry Global Group",46.7,-1.71,-3.53%,47.75,47.75,46.26,636000,2022-10-07
BF.A,"Brown Forman Inc Cl A",66.18,-1.39,-2.06%,66.91,67.22,65.78,87600,2022-10-07
BFAM,"Bright Horizons Family Solutions Inc",56.58,-2.03,-3.46%,57.86,58.21,56.45,422600,2022-10-07
BF.B,"Brown Forman Inc Cl B",65.13,-1.07,-1.62%,65.81,65.97,64.78,1045100,2022-10-07
BG,"Bunge Ltd",85.52,-0.73,-0.85%,85.97,86.46,84.64,879600,2022-10-07
BHF,"Brighthouse Financial Inc",46.99,-1.3,-2.69%,47.55,47.96,46.4,601100,2022-10-07
BIIB,"Biogen Inc",257.89,-4.37,-1.67%,261.4,265.98,256.48,1778200,2022-10-07
BILL,"Bill.com Holdings Inc",138.54,-9.78,-6.59%,143.35,143.51,137.47,1413500,2022-10-07
BIO,"Bio-Rad Laboratories",428.93,-23.92,-5.28%,446.68,446.68,428.39,136600,2022-10-07
BJ,"Bj's Wholesale Club Holdings Inc",70.21,-1.11,-1.56%,71.2,71.59,70.02,1596900,2022-10-07
BK,"Bank of New York Mellon Corp",39.48,-1.2,-2.95%,40.25,40.41,39.18,3944100,2022-10-07
BKI,"Black Knight Inc",66.02,-0.28,-0.42%,65.82,66.18,65.48,634900,2022-10-07
BKNG,"Booking Holdings Inc",1685.16,-24.57,-1.44%,1680.77,1699.03,1668.12,443500,2022-10-07
BKR,"Baker Hughes A Ge Co. Cl A",22.88,-0.86,-3.62%,23.75,23.75,22.77,7364700,2022-10-07
BLD,"Topbuild Corp",176.24,-6.56,-3.59%,179.14,180.67,175.64,204200,2022-10-07
BLDR,"Builders Firstsource",63.24,-0.55,-0.86%,62.78,63.3,61.69,1731200,2022-10-07
BLK,"Blackrock Inc",550.4,-21.21,-3.71%,564.83,564.83,546.99,626000,2022-10-07
BMRN,"Biomarin Pharmaceuticals",88.15,-3.33,-3.64%,91.16,91.16,87.63,1075900,2022-10-07
BMY,"Bristol-Myers Squibb Company",69.7,-0.54,-0.77%,70.34,70.46,69.26,7934600,2022-10-07
BOH,"Bank of Hawaii Corp",76.68,-3.35,-4.19%,79.88,79.88,76.67,275000,2022-10-07
BOKF,"Bok Financial Corp",91.83,-1.86,-1.99%,92.92,93.06,90.88,150300,2022-10-07
BPOP,"Popular Inc",71.23,-2.1,-2.86%,73.04,73.04,70.93,1299600,2022-10-07
BR,"Broadridge Financial Solutions Llc",142.87,-2.57,-1.77%,144,144.15,141.13,622800,2022-10-07
BRK.B,"Berkshire Hathaway Cl B",269.04,-7.27,-2.63%,274.44,274.49,267.48,4273200,2022-10-07
BRKR,"Bruker Corp",55.73,-1.96,-3.40%,56.75,57.04,54.81,948400,2022-10-07
BRO,"Brown & Brown",61.22,-1.43,-2.28%,62.16,62.29,60.8,1114500,2022-10-07
BRX,"Brixmor Property Group Inc",18.48,-0.49,-2.58%,18.78,18.9,18.3,2393600,2022-10-07
BSX,"Boston Scientific Corp",39.76,-0.89,-2.19%,40.27,40.43,39.6,9642899,2022-10-07
BSY,"Bentley Systems Incorporated Cl B",33.17,-0.9,-2.64%,33.54,33.95,32.89,666400,2022-10-07
BURL,"Burlington Stores Inc",118.96,-3.32,-2.72%,119.8,120.5,117.47,1265900,2022-10-07
BWA,"Borgwarner Inc",33.6,-0.64,-1.87%,33.89,33.98,33.34,1468700,2022-10-07
BWXT,"Bwx Technologies Inc",52.16,-0.48,-0.91%,52.57,52.6,51.67,336200,2022-10-07
BX,"Blackstone Inc",86.38,-5.23,-5.71%,89.48,89.97,85.81,4453500,2022-10-07
BXP,"Boston Properties",71.31,-2.11,-2.87%,72.34,73.18,71.11,1344500,2022-10-07
BYD,"Boyd Gaming Corp",51.18,-1.11,-2.12%,51.66,51.87,50.8,595000,2022-10-07
C,"Citigroup Inc",42.19,-0.87,-2.02%,42.7,42.79,41.94,18101199,2022-10-07
CABO,"Cable One Inc",816.63,-27.82,-3.29%,841.2,841.2,815.54,82500,2022-10-07
CACC,"Credit Acceptance",443.32,-14.48,-3.16%,452.04,452.04,435.9,83000,2022-10-07
CACI,"Caci International",260.76,-2.25,-0.86%,262.41,262.41,257.76,185900,2022-10-07
CAG,"Conagra Brands Inc",32.85,0.29,+0.89%,32.56,32.9,32.37,5503400,2022-10-07
CAH,"Cardinal Health",68.22,-1.22,-1.76%,68.8,69.28,67.73,2669000,2022-10-07
CAR,"Avis Budget Group",175.63,-2.44,-1.37%,173,183.59,173,2049600,2022-10-07
CARR,"Carrier Global Corp",35.33,-1.88,-5.05%,36.7,36.96,35.02,9001800,2022-10-07
CASY,"Casey's General Stor",200.18,-3.11,-1.53%,202.55,203.47,199.2,250900,2022-10-07
CAT,"Caterpillar Inc",177.55,-1.26,-0.70%,176.72,178.96,175.14,2759200,2022-10-07
CB,"Chubb Ltd",184.68,-4.14,-2.19%,187.93,188.24,184.05,1271400,2022-10-07
CBOE,"CBOE Global Markets Inc",118.94,-2.74,-2.25%,121.75,121.94,118.21,661900,2022-10-07
CBRE,"CBRE Group Inc",69.43,-2.24,-3.13%,70.67,70.89,68.9,1554600,2022-10-07
CBSH,"Commerce Bancshares",69.18,-1.26,-1.79%,70.19,70.19,68.85,268800,2022-10-07
CC,"Chemours Company",26.37,-0.56,-2.08%,26.54,26.92,26,2138900,2022-10-07
CCCS,"CCC Intelligent Solutions Hldgs Inc",9.23,-0.18,-1.91%,9.3,9.3,9.16,570800,2022-10-07
CCI,"Crown Castle Inc",134.35,-3.35,-2.43%,136.47,137.84,133.48,2436600,2022-10-07
CCK,"Crown Cork & Seal Company",81.13,-2.81,-3.35%,82.54,82.74,80.6,905700,2022-10-07
CCL,"Carnival Corp",6.76,-0.22,-3.15%,6.9,6.99,6.57,82260195,2022-10-07
CDAY,"Ceridian Hcm Holding Inc",59.64,-2.65,-4.25%,60.71,61.03,59.13,947000,2022-10-07
CDNS,"Cadence Design Sys",158.9,-9.51,-5.65%,165.26,165.62,158,2415600,2022-10-07
CDW,"CDW Corp",159.62,-5.38,-3.26%,162.79,162.79,158.95,750900,2022-10-07
CE,"Celanese Corp",90.24,-2.34,-2.53%,91.28,92.2,89.66,1292800,2022-10-07
CEG,"Constellation Energy Corp",84.39,-1.89,-2.19%,85.71,85.75,83.37,2017100,2022-10-07
CERT,"Certara Inc",13.11,-0.52,-3.82%,13.48,13.53,13.07,482600,2022-10-07
CF,"Cf Industries Holdings",104.8,-0.93,-0.88%,105.59,106.41,103.2,1928600,2022-10-07
CFG,"Citizens Financial Group Inc/Ri",35.02,-0.41,-1.16%,35.09,35.18,34.46,3716600,2022-10-07
CFLT,"Confluent Inc Cl A",24.83,-2.77,-10.04%,26.66,26.86,24.44,2135300,2022-10-07
CFR,"Cullen/Frost Bankers",138.47,-1.34,-0.96%,139.56,139.56,137.06,294100,2022-10-07
CG,"The Carlyle Group",26.67,-0.97,-3.51%,27.06,27.18,26.39,2214300,2022-10-07
CGNX,"Cognex Cp",42.93,-1.9,-4.24%,43.87,43.87,42.64,556600,2022-10-07
CHD,"Church & Dwight Company",70.72,-1.1,-1.53%,71.89,71.92,70.31,1177800,2022-10-07
CHDN,"Churchill Downs IN",196.1,-1.53,-0.77%,196.03,197.22,193.87,200600,2022-10-07
CHE,"Chemed Inc",436.11,-4.36,-0.99%,440.32,440.32,432.78,77300,2022-10-07
CHH,"Choice Hotels International",114.19,-2.61,-2.23%,115.59,115.75,112.83,469800,2022-10-07
CHK,"Chesapeake Energy Corp",100.46,-1.19,-1.17%,101.5,103.56,100.39,2765300,2022-10-07
CHPT,"Chargepoint Hldgs Inc",14.43,-1.18,-7.56%,15.16,15.24,14.13,8941000,2022-10-07
CHRW,"C.H. Robinson Ww",94.81,-2.68,-2.75%,95.1,96,93,2086700,2022-10-07
CHTR,"Charter Communicatio",312.53,-11.42,-3.53%,321.26,323.45,311.36,1117000,2022-10-07
CI,"Cigna Corp",288.38,-4.7,-1.60%,289.36,290.89,286.37,1956000,2022-10-07
CIEN,"Ciena Corp",40.59,-1.34,-3.20%,41.33,41.38,40.4,981200,2022-10-07
CINF,"Cincinnati Financial",93.94,-1.63,-1.71%,95.11,95.13,93.64,884600,2022-10-07
CL,"Colgate-Palmolive Company",68.99,-0.57,-0.82%,69.54,69.65,68.74,4316400,2022-10-07
CLF,"Cleveland-Cliffs Inc",14.83,-0.14,-0.94%,14.79,15.04,14.65,9512000,2022-10-07
CLH,"Clean Harbors",115.94,-2.47,-2.09%,117.49,117.6,115,381000,2022-10-07
CLR,"Continental Resources",69.7,-0.06,-0.09%,69.77,70.7,68.95,1167800,2022-10-07
CLVT,"Clarivate Analytics Plc",9.42,-0.49,-4.94%,9.8,9.9,9.28,12261400,2022-10-07
CLX,"Clorox Company",125.76,-4.31,-3.31%,130.03,130.39,125.39,1058300,2022-10-07
CMA,"Comerica Inc",72.44,-1.62,-2.19%,73.61,73.61,71.69,1404100,2022-10-07
CMCSA,"Comcast Corp A",29.27,-0.78,-2.60%,29.88,29.98,29.19,28850502,2022-10-07
CME,"CME Group Inc",169.92,-5.73,-3.26%,174.81,174.99,169.33,1950600,2022-10-07
CMG,"Chipotle Mexican Grill",1478.75,-28.24,-1.87%,1485.4,1490.34,1465.31,279500,2022-10-07
CMI,"Cummins Inc",218.04,-2.74,-1.24%,218.99,219.63,216,1028400,2022-10-07
CMS,"Cms Energy Corp",55.29,-1.3,-2.30%,56.6,56.67,55.03,2659600,2022-10-07
CNA,"Cna Financial Corp",37.49,-0.78,-2.04%,37.98,37.98,37.33,200700,2022-10-07
CNC,"Centene Corp",74.82,-5.42,-6.75%,76.95,77,74.07,7626900,2022-10-07
CNM,"Core & Main Inc Cl A",22.96,-0.69,-2.92%,23.41,23.45,22.81,917400,2022-10-07
CNP,"Centerpoint Energy Inc",26.81,-0.53,-1.94%,27.31,27.37,26.61,5637800,2022-10-07
CNXC,"Concentrix Corp",120.55,-4.02,-3.23%,123.2,123.26,118.57,254000,2022-10-07
COF,"Capital One Financial Corp",93.87,-2.86,-2.96%,95.29,95.85,93.32,2958100,2022-10-07
COHR,"Coherent Corp",36.84,-1.13,-2.98%,37.4,37.56,36.28,1046400,2022-10-07
COIN,"Coinbase Global Inc Cl A",67,-6.91,-9.35%,70.85,71.1,65.5,11427900,2022-10-07
COLD,"Americold Realty Trust",24.19,-0.75,-3.01%,24.67,24.75,24.06,1639700,2022-10-07
COLM,"Columbia Sprtswr",72.77,-2.45,-3.26%,74.16,74.59,72.43,244200,2022-10-07
COO,"Cooper Companies",262.39,-7.14,-2.65%,266.33,266.62,260.05,278600,2022-10-07
COP,Conocophillips,118.51,0.86,+0.73%,118.14,121.36,117.32,9373500,2022-10-07
COST,"Costco Wholesale",468.15,-14.34,-2.97%,478.26,479.11,466.12,2568000,2022-10-07
COTY,"Coty Inc",6.33,-0.53,-7.73%,6.75,6.77,6.24,8571101,2022-10-07
COUP,"Coupa Software Inc",58.41,-5.14,-8.09%,61.14,61.62,58.17,2146200,2022-10-07
CPA,"Copa Holdings S.A.",72.04,-0.99,-1.36%,72.46,72.53,71.29,112600,2022-10-07
CPB,"Campbell Soup Company",46.63,-0.18,-0.38%,46.77,46.97,46.41,1815800,2022-10-07
CPRI,"Capri Holdings Ltd",42,-1.6,-3.67%,42.6,42.89,41.39,1480500,2022-10-07
CPRT,"Copart Inc",109.68,-3.64,-3.21%,111.89,112.56,109.25,1371900,2022-10-07
CPT,"Camden Property Trust",113,-3.37,-2.90%,115.19,115.65,112.4,816600,2022-10-07
CR,"Crane Holdings CO",93.52,-2.6,-2.70%,95.41,95.41,92.37,145400,2022-10-07
CRI,"Carter's Inc",72.11,-1.92,-2.59%,73.07,73.3,71.6,612000,2022-10-07
CRL,"Charles River Laboratories Intl",205.33,-5.48,-2.60%,208,209.77,204.71,455700,2022-10-07
CRM,"Salesforce Inc",150.29,-5.17,-3.33%,151.8,153.17,149.27,5956700,2022-10-07
CRUS,"Cirrus Logic Inc",68.09,-3.6,-5.02%,70.49,71.09,67.86,461800,2022-10-07
CRWD,"Crowdstrike Holdings Inc",171.88,-6.51,-3.65%,174.44,175.22,170.33,2591800,2022-10-07
CSCO,"Cisco Systems Inc",40.27,-1.25,-3.01%,41.25,41.25,40.08,19055301,2022-10-07
CSGP,"Costar Group Inc",73.47,-1.74,-2.31%,74.15,74.68,73.15,1779400,2022-10-07
CSL,"Carlisle Companies Inc",292.45,-5.98,-2.00%,295.86,297.33,291.16,417700,2022-10-07
CSX,"CSX Corp",26.77,-0.59,-2.16%,27.09,27.24,26.63,14487801,2022-10-07
CTAS,"Cintas Corp",398.41,-12.2,-2.97%,404.99,409.81,396.92,512400,2022-10-07
CTLT,"Catalent Inc",77.02,-1.69,-2.15%,78.02,78.87,76.62,1673200,2022-10-07
CTRA,"Coterra Energy Inc",29.2,0.34,+1.18%,28.75,29.71,28.6,8529900,2022-10-07
CTSH,"Cognizant Tech Sol",58.49,-1.22,-2.04%,59.15,59.15,58.05,3675500,2022-10-07
CTVA,"Corteva Inc",60.83,-0.06,-0.10%,60.7,61.25,60.1,2420500,2022-10-07
CUBE,Cubesmart,38.33,-1.43,-3.60%,39.43,39.69,37.94,1057200,2022-10-07
CUZ,"Cousins Properties Inc",22.24,-0.68,-2.97%,22.69,22.78,22,1544400,2022-10-07
CVNA,"Carvana Co. Cl A",19.27,-1.86,-8.80%,20.44,20.45,18.81,11195801,2022-10-07
CVS,"CVS Corp",88.25,-10.33,-10.48%,93.18,94,87.13,19715100,2022-10-07
CVX,"Chevron Corp",160.03,-1.39,-0.86%,162.51,163.93,159.06,9972500,2022-10-07
CW,"Curtiss-Wright Corp",147.65,-0.94,-0.63%,148.22,148.22,146.55,110800,2022-10-07
CZR,"Caesars Entertainment Inc",37.28,-1.34,-3.47%,37.44,38.14,36.7,3479400,2022-10-07
D,"Dominion Resources",64.39,-1.57,-2.38%,65.84,66.17,64.04,4691700,2022-10-07
DAL,"Delta Air Lines Inc",29.39,-1.23,-4.02%,30.2,30.22,29.06,11051700,2022-10-07
DAR,"Darling International Inc",73.19,0.46,+0.63%,72.28,73.49,70.92,1044800,2022-10-07
DASH,"Doordash Inc Cl A",49.39,-3.6,-6.79%,51.09,51.35,48.86,3503000,2022-10-07
DBX,"Dropbox Inc",21.07,-0.99,-4.49%,21.65,21.73,21,2130000,2022-10-07
DCI,"Donaldson Company",50.68,-0.76,-1.48%,51.09,51.09,50.12,492400,2022-10-07
DD,"Dupont Denemours Inc",52.36,-0.82,-1.54%,52.48,53.23,51.98,4026500,2022-10-07
DDOG,"Datadog Inc Cl A",88.06,-5.6,-5.98%,90.82,90.9,87.32,3011000,2022-10-07
DE,"Deere & Company",356.15,0.68,+0.19%,352.05,356.4,349.7,1351900,2022-10-07
DECK,"Deckers Outdoor Corp",334.89,-5.54,-1.63%,333.7,335.23,329.25,190600,2022-10-07
DEI,"Douglas Emmett",16.52,-0.71,-4.12%,16.81,17,16.28,1641800,2022-10-07
DELL,"Dell Technologies Inc",34.6,-2.88,-7.68%,36.05,36.49,34.54,5614900,2022-10-07
DFS,"Discover Financial Services",93.4,-1.92,-2.01%,94,94.56,92.81,1282900,2022-10-07
DG,"Dollar General Corp",239.5,-2.17,-0.90%,240.11,240.61,238.15,1595600,2022-10-07
DGX,"Quest Diagnostics Inc",123.31,-2.75,-2.18%,125.14,125.14,122.56,692800,2022-10-07
DH,"Definitive Healthcare Corp Cl A",14.82,-1.27,-7.89%,15.92,15.92,14.77,377300,2022-10-07
DHI,"D.R. Horton",71.91,-1.89,-2.56%,72.67,72.7,71.1,2669100,2022-10-07
DHR,"Danaher Corp",268.48,-9.57,-3.44%,274.55,275.49,266.75,1577300,2022-10-07
DINO,"HF Sinclair Corp",55.54,-1.8,-3.14%,57.31,57.61,54.9,1889300,2022-10-07
DIS,"Walt Disney Company",97.16,-2.88,-2.88%,98.51,98.8,96.45,7051000,2022-10-07
DISH,"Dish Network Corp",14.06,-0.83,-5.57%,14.64,14.75,13.99,5166500,2022-10-07
DKNG,"Draftkings Inc",16.57,0.53,+3.30%,16.99,17.45,16.18,39454500,2022-10-07
DKS,"Dick's Sporting Goods Inc",110.14,-1.96,-1.75%,111.24,112.03,109.13,1144200,2022-10-07
DLB,"Dolby Laboratories",64.87,-2.58,-3.83%,66.65,66.65,64.55,279700,2022-10-07
DLR,"Digital Realty Trust",92.45,-1.95,-2.07%,93.31,94.79,92.06,2572300,2022-10-07
DLTR,"Dollar Tree Inc",141.95,-0.18,-0.13%,142.1,142.87,139.98,3123700,2022-10-07
DNA,"Ginkgo Bioworks Hldgs Inc",3.09,-0.14,-4.33%,3.14,3.25,3.07,21027100,2022-10-07
DNB,"Dun & Bradstreet Holdings Inc",12.35,-0.33,-2.60%,12.51,12.6,12.17,2037100,2022-10-07
DOCS,"Doximity Inc Cl A",29.67,-1.27,-4.10%,30.27,30.49,29.51,1154500,2022-10-07
DOCU,"Docusign Inc",47.83,-3.74,-7.25%,50.08,50.33,47.7,6643800,2022-10-07
DOV,"Dover Corp",120.72,-2.78,-2.25%,122.09,122.5,119.94,761700,2022-10-07
DOW,"Dow Inc",44.41,-1.11,-2.44%,45.05,45.44,44.2,5265000,2022-10-07
DOX,"Amdocs Ltd Ord",81.27,-0.89,-1.08%,81.5,81.75,80.94,349400,2022-10-07
DPZ,"Domino's Pizza Inc",314.52,-9.7,-2.99%,320.43,321.04,312.86,713800,2022-10-07
DRI,"Darden Restaurants",125.69,-3.82,-2.95%,128.11,128.44,124.6,1211700,2022-10-07
DRVN,"Driven Brands Holdings Inc",29.22,-1.16,-3.82%,29.87,29.96,28.82,530300,2022-10-07
DT,"Dynatrace Inc",36.42,-1.48,-3.91%,37.07,37.14,36.07,1247000,2022-10-07
DTE,"Dte Energy Company",107.49,-3.22,-2.91%,110.71,110.87,106.68,2693700,2022-10-07
DTM,"Dt Midstream Inc",54.07,-0.09,-0.17%,54.14,54.92,53.36,786300,2022-10-07
DUK,"Duke Energy Corp",89.07,-1.7,-1.87%,90.74,91,88.58,3162700,2022-10-07
DV,"Doubleverify Holdings Inc",27.17,-1.4,-4.90%,28.2,28.27,26.86,1107900,2022-10-07
DVA,"Davita Healthcare Partners Inc",87.17,-1.75,-1.97%,87.97,88.04,86.62,646100,2022-10-07
DVN,"Devon Energy Corp",72.04,-0.2,-0.28%,72.5,73.87,71.18,12020800,2022-10-07
DXC,"Dxc Technology Company",26.56,-0.33,-1.23%,26.51,26.63,25.97,2060400,2022-10-07
DXCM,"Dexcom Inc",102.14,6.93,+7.28%,103.63,105.33,100.11,9426000,2022-10-07
EA,"Electronic Arts Inc",122.31,-1.35,-1.09%,122.53,123.34,121.57,1999500,2022-10-07
EBAY,"Ebay Inc",37.55,-1.34,-3.45%,38.51,38.58,37.42,6731500,2022-10-07
ECL,"Ecolab Inc",143.51,-5.16,-3.47%,146.79,147,142.76,803300,2022-10-07
ED,"Consolidated Edison Company",81.58,-2.42,-2.88%,84.14,84.29,81.18,1855800,2022-10-07
EEFT,"Euronet Worldwide",77.71,-2.31,-2.89%,79.17,79.19,76.95,320200,2022-10-07
EFX,"Equifax Inc",168.82,-5.5,-3.16%,171.18,171.62,168.34,561900,2022-10-07
EGP,"Eastgroup Properties",138.16,-3.96,-2.79%,141.62,141.63,137.47,162200,2022-10-07
EHAB,"Enhabit Inc",14.23,-0.32,-2.20%,14.42,14.64,14.11,255300,2022-10-07
EHC,"Encompass Health Corp",48.44,-0.61,-1.24%,48.56,48.58,47.67,471500,2022-10-07
EIX,"Edison International",58.63,-0.02,-0.03%,58.63,58.94,57.94,2779000,2022-10-07
EL,"Estee Lauder Companies",219.77,-9.33,-4.07%,226.08,226.63,218.8,1387400,2022-10-07
ELAN,"Elanco Animal Health Inc",12.28,-0.37,-2.92%,12.47,12.54,12.14,6890200,2022-10-07
ELS,"Equity Lifestyle Properties",60.8,-1.51,-2.42%,61.98,62,60.32,969200,2022-10-07
ELV,"Elevance Health Inc",467.06,-10.89,-2.28%,474,474,464.76,708000,2022-10-07
EMN,"Eastman Chemical Company",72.39,-2.44,-3.26%,73.94,74.35,71.82,960600,2022-10-07
EMR,"Emerson Electric Company",77.83,-1.64,-2.06%,78.95,79.07,76.96,4655300,2022-10-07
ENOV,"Enovis Corp",45.93,-1.93,-4.03%,47.22,47.22,45.85,461100,2022-10-07
ENPH,"Enphase Energy Inc",255.15,-2.3,-0.89%,253.9,263.74,252.26,4868200,2022-10-07
ENTG,"Entegris Inc",82.14,-6.05,-6.86%,85.62,85.82,81.68,1621200,2022-10-07
EOG,"Eog Resources",127.45,-0.08,-0.06%,128.07,130.32,126.28,3655600,2022-10-07
EPAM,"Epam Systems Inc",340,-16.31,-4.58%,350,351,335,636200,2022-10-07
EPR,"Entertainment Properties Trust",35.8,-0.78,-2.13%,36.33,36.6,35.5,477200,2022-10-07
EQH,"Axa Equitable Holdings Inc",28.15,-0.61,-2.12%,28.4,28.56,27.85,1852800,2022-10-07
EQIX,"Equinix Inc",541.86,-15.57,-2.79%,549.74,554.27,538.08,473400,2022-10-07
EQR,"Equity Residential",62.53,-1.92,-2.98%,64,64.27,62.14,2391600,2022-10-07
EQT,"Eqt Corp",43.17,-0.77,-1.75%,43.88,44.92,43.07,6203700,2022-10-07
ERIE,"Erie Indemnity Company",229.71,-3.06,-1.31%,230.69,231,228.46,79800,2022-10-07
ES,"Eversource Energy",74.25,-1.24,-1.64%,75.28,75.61,73.74,1714500,2022-10-07
ESAB,"Esab Corp",34.3,-0.9,-2.56%,34.98,35,34.09,249200,2022-10-07
ESI,"Element Solutions Inc",16.31,-0.81,-4.73%,16.95,17.08,16.26,2297700,2022-10-07
ESS,"Essex Property Trust",221.21,-7.48,-3.27%,226.83,228.23,220.25,537400,2022-10-07
ESTC,"Elastic N.V.",71.95,-4.16,-5.47%,73.86,74.22,71.06,887200,2022-10-07
ETN,"Eaton Corp",136.83,-5.62,-3.95%,140.43,140.63,135.82,1884500,2022-10-07
ETR,"Entergy Corp",101.23,-1.48,-1.44%,102.64,103.11,100.18,1511000,2022-10-07
ETSY,"Etsy Inc",110.44,-4.67,-4.06%,111.48,112.79,109.57,1980300,2022-10-07
EVA,"Enviva Partners LP",61.76,-1.37,-2.17%,62.8,62.8,60.75,500100,2022-10-07
EVR,"Evercore Partners Inc",86.28,-3.72,-4.13%,88.37,88.54,85.69,666200,2022-10-07
EVRG,"Evergy Inc",57.04,-0.99,-1.71%,58.04,58.22,56.67,1411800,2022-10-07
EW,"Edwards Lifesciences Corp",84.23,-2.25,-2.60%,85.57,85.73,83.66,2294200,2022-10-07
EWBC,"East West Bancorp",71.06,-1.99,-2.72%,72.27,72.76,70.48,593300,2022-10-07
EXAS,"Exact Sciences Cor",33.82,-2.5,-6.88%,35.22,35.27,33.78,2249400,2022-10-07
EXC,"Exelon Corp",36.96,-0.8,-2.12%,37.69,37.84,36.76,7119500,2022-10-07
EXEL,"Exelixis Inc",15.4,-0.2,-1.28%,15.55,15.7,15.25,3829600,2022-10-07
EXP,"Eagle Materials Inc",110.66,-3.39,-2.97%,112.39,112.75,110.04,257600,2022-10-07
EXPD,"Expeditors Intl",89.2,-1.45,-1.60%,89.81,90.23,88.76,1515300,2022-10-07
EXPE,"Expedia Group Inc",93.92,-1.69,-1.77%,94.01,94.71,92.45,1971400,2022-10-07
EXR,"Extra Space Storage Inc",165.17,-6.94,-4.03%,170.4,171.83,164.01,981300,2022-10-07
F,"Ford Motor Company",12.2,-0.16,-1.29%,12.18,12.3,12,56494398,2022-10-07
FAF,"First American Corp",47.72,-1.28,-2.61%,48.52,48.61,47.63,435900,2022-10-07
FANG,"Diamondback Energy",142.43,0.1,+0.07%,142.5,144.08,140.28,2081000,2022-10-07
FAST,"Fastenal Company",45.85,-1.53,-3.23%,46.77,46.77,45.6,3911200,2022-10-07
FBHS,"Fortune Brands Home & Security",56.76,-2.13,-3.62%,57.83,57.89,56.51,1093700,2022-10-07
FCN,"Fti Consulting",172.69,1.03,+0.60%,171.38,172.98,169.5,204400,2022-10-07
FCNCA,"First Citizens Bancs",825.66,-17.8,-2.11%,838,838,822.19,128700,2022-10-07
FCX,"Freeport-Mcmoran Inc",28.95,-0.87,-2.92%,29.4,29.85,28.76,12667300,2022-10-07
FDS,"Factset Research Systems Inc",413.69,-5.56,-1.33%,413.57,414.89,409.64,277700,2022-10-07
FDX,"Fedex Corp",154.41,-0.78,-0.50%,152.51,154.6,148.96,7783500,2022-10-07
FE,"Firstenergy Corp",36.1,-0.75,-2.04%,36.85,36.91,35.85,4125700,2022-10-07
FFIV,"F5 Inc",144.17,-8.07,-5.30%,150.95,150.95,143.43,591200,2022-10-07
FHB,"First Hawaiian Inc",24.98,-0.61,-2.38%,25.49,25.49,24.96,540100,2022-10-07
FHN,"First Horizon Corp",23.02,-0.02,-0.09%,23.02,23.16,22.92,3360100,2022-10-07
FICO,"Fair Isaac and Company",402.2,-11.62,-2.81%,407.3,411.73,399.31,327700,2022-10-07
FIS,"Fidelity National Information Services",77.1,-0.55,-0.71%,76.59,77.3,76.16,4823900,2022-10-07
FISV,"Fiserv Inc",98.7,-0.38,-0.38%,98.34,99.04,97.58,3787200,2022-10-07
FITB,"Fifth Third Bancorp",33.1,-0.43,-1.28%,33.21,33.27,32.35,3891100,2022-10-07
FIVE,"Five Below Inc",140.1,-4.51,-3.12%,142.59,142.62,138.51,656700,2022-10-07
FIVN,"Five9 Inc",76.97,-4.48,-5.50%,78.99,79.65,76.32,702500,2022-10-07
FLO,"Flowers Foods",24.55,-0.11,-0.45%,24.62,24.73,24.35,1222400,2022-10-07
FLS,"Flowserve Corp",25.63,-0.88,-3.32%,26.16,26.39,25.48,982000,2022-10-07
FLT,"Fleetcor Technologies",179.59,-2.65,-1.45%,180.02,181.28,178.04,1135600,2022-10-07
FMC,"FMC Corp",110.76,-1.21,-1.08%,111.29,112,109.47,642400,2022-10-07
FNB,"F.N.B. Corp",12.23,-0.25,-2.00%,12.44,12.47,12.19,2627800,2022-10-07
FND,"Floor & Decor Holdings Inc",70,-3.95,-5.34%,72.07,72.56,69.75,1324700,2022-10-07
FNF,"Fidelity National Financial",38.57,-0.92,-2.33%,39.1,39.21,38.46,1967400,2022-10-07
FOUR,"Shift4 Payments Inc",46.22,-2.17,-4.48%,47.17,47.67,45.61,768600,2022-10-07
FOX,"Fox Corp Cl B",29.11,0.1,+0.34%,28.85,29.26,28.63,3538600,2022-10-07
FOXA,"Fox Corp Cl A",31.37,0.2,+0.64%,30.9,31.45,30.76,2588400,2022-10-07
FR,"First Industrial Realty Trust",44.45,-0.73,-1.62%,44.86,44.88,43.86,3253900,2022-10-07
FRC,"First Republic Bank",137.03,-2.1,-1.51%,137.2,137.79,135.51,1399300,2022-10-07
FRPT,"Freshpet Inc CS",60.21,-0.18,-0.30%,59.48,60.65,58.74,1055500,2022-10-07
FRT,"Federal Realty Investment Trust",90.55,-1.39,-1.51%,91.34,91.89,89.95,681400,2022-10-07
FSLR,"First Solar Inc",129.42,-2.64,-2.00%,129.74,133.79,127.92,4238000,2022-10-07
FTNT,"Fortinet Inc",51.47,-2.27,-4.22%,52.68,53.16,50.95,5489900,2022-10-07
FTV,"Fortive Corp",60.06,-1.38,-2.25%,60.6,60.86,59.63,1541800,2022-10-07
FWONA,"Liberty Media F1 Series A",56.6,0.29,+0.52%,55.79,56.81,55.79,226600,2022-10-07
FWONK,"Liberty Media F1 Series K",62.8,0.03,+0.05%,62.33,63.35,61.95,1078400,2022-10-07
FYBR,"Frontier Communications Parent Inc",23.02,-1.07,-4.44%,23.93,23.95,23,1472000,2022-10-07
G,"Genpact Ltd",44.16,-1.48,-3.24%,45.2,45.31,44,758900,2022-10-07
GD,"General Dynamics Corp",223.68,0.27,+0.12%,222.64,224.11,220.84,1226900,2022-10-07
GDDY,"Godaddy Inc",75.91,-1.36,-1.76%,76.08,76.42,75.33,601200,2022-10-07
GE,"General Electric Company",64.56,-1.66,-2.51%,65.61,65.78,64.1,4271600,2022-10-07
GFS,"Globalfoundries Inc",50.74,-2.79,-5.21%,51,52.56,50.18,1273400,2022-10-07
GGG,"Graco Inc",60.82,-1.66,-2.66%,61.79,61.9,60.46,661100,2022-10-07
GH,"Guardant Health Inc",55.75,-4.02,-6.73%,57.84,59,55.5,1157600,2022-10-07
GILD,"Gilead Sciences Inc",64.29,-0.66,-1.02%,64.64,65.1,63.96,6723200,2022-10-07
GIS,"General Mills",75.35,0.38,+0.51%,75.06,75.69,74.42,3755800,2022-10-07
GL,"Globe Life Inc",105.98,-0.68,-0.64%,106.52,106.52,104.95,432000,2022-10-07
GLOB,"Globant S.A.",176.4,-13.82,-7.27%,184.71,184.89,173.93,406000,2022-10-07
GLPI,"Gaming & Leisure",46.35,-0.11,-0.24%,46.1,46.72,46,1597300,2022-10-07
GLW,"Corning Inc",30.46,-1.03,-3.27%,31,31.08,30.21,4182000,2022-10-07
GM,"General Motors Company",33.62,-1.01,-2.92%,34.06,34.26,33.4,11193899,2022-10-07
GME,"Gamestop Corp",25.35,-0.64,-2.46%,25.84,25.84,24.42,3270500,2022-10-07
GMED,"Globus Medical Inc",59.79,-2.25,-3.63%,61.7,61.93,59.44,311700,2022-10-07
GNRC,"Generac Holdings Inc",154.26,-14.42,-8.55%,164.47,164.47,153.49,3212200,2022-10-07
GNTX,"Gentex Corp",24.22,-0.71,-2.85%,24.76,24.8,24.15,802200,2022-10-07
GO,"Grocery Outlet Holding Corp",32.46,-0.33,-1.01%,32.75,33.17,32.23,1285300,2022-10-07
GOOG,"Alphabet Cl C",99.57,-2.67,-2.61%,100.65,101.42,99.21,24249900,2022-10-07
GOOGL,"Alphabet Cl A",98.68,-2.74,-2.70%,99.85,100.53,98.29,27502699,2022-10-07
GPC,"Genuine Parts Company",153.87,-2.96,-1.89%,155.71,155.71,153.09,679000,2022-10-07
GPK,"Graphic Packaging Holding Company",19.89,-0.77,-3.73%,20.38,20.45,19.8,2919000,2022-10-07
GPN,"Global Payments Inc",112.24,-1.06,-0.94%,111.77,112.42,110.38,1748100,2022-10-07
GPS,"Gap Inc",9.72,-0.08,-0.82%,9.61,9.9,9.6,7881500,2022-10-07
GRMN,"Garmin Ltd",79.7,-2.77,-3.36%,81.31,81.43,79.62,1078400,2022-10-07
GS,"Goldman Sachs Group",301.08,-3.59,-1.18%,304,305.15,299.15,1790100,2022-10-07
GTES,"Gates Industrial Corp Plc",9.99,-0.29,-2.82%,10.18,10.21,9.91,795900,2022-10-07
GWRE,"Guidewire Software Inc",63.26,-1.94,-2.98%,63.69,64.3,62.48,914200,2022-10-07
GWW,"W.W. Grainger",500.92,-8.67,-1.70%,506.53,506.53,497.79,291600,2022-10-07
GXO,"Gxo Logistics Inc",34.54,-2.07,-5.65%,35.9,36.05,34.01,1323200,2022-10-07
H,"Hyatt Hotels Corp",82.78,-0.85,-1.02%,82.41,82.97,81.54,494700,2022-10-07
HAL,"Halliburton Company",30.41,0.6,+2.01%,30,31.11,29.37,17472199,2022-10-07
HAS,"Hasbro Inc",68.97,0.42,+0.61%,67.88,69.4,67.26,1971300,2022-10-07
HAYW,"Hayward Holdings Inc",8.99,-0.33,-3.54%,9.21,9.21,8.98,785700,2022-10-07
HBAN,"Huntington Bcshs",13.21,-0.39,-2.87%,13.49,13.51,13.14,21667199,2022-10-07
HBI,"Hanesbrands Inc",7.37,-0.32,-4.16%,7.51,7.55,7.14,7914800,2022-10-07
HCA,"Hca Holdings Inc",200.46,-1.07,-0.53%,199.83,200.74,195.97,1303000,2022-10-07
HD,"Home Depot",284.32,-6.07,-2.09%,287.53,288.63,282.42,2405900,2022-10-07
HE,"Hawaiian Electric Industries",33.76,-0.52,-1.52%,34.23,34.28,33.52,291400,2022-10-07
HEI,"Heico Corp",147.99,-0.24,-0.16%,147.26,149.1,146.82,213500,2022-10-07
HEI.A,"Heico Cp Cl A",116.89,-0.8,-0.68%,116.73,117.83,116.16,129200,2022-10-07
HES,"Hess Corp",128.2,-2.18,-1.67%,130.4,131.83,127.51,3077400,2022-10-07
HHC,"Howard Hughes Corp",54.99,-2.63,-4.56%,56.45,56.72,54.63,183000,2022-10-07
HIG,"Hartford Financial Services Group",64.04,-0.8,-1.23%,64.59,64.77,63.59,1776500,2022-10-07
HII,"Huntington Ingalls Industries",232.88,1.06,+0.46%,231.63,233.06,230.15,410600,2022-10-07
HIW,"Highwoods Properties",24.72,-0.85,-3.32%,25.29,25.39,24.51,1110300,2022-10-07
HLT,"Hilton Inc",121.37,-1.98,-1.61%,121.45,121.97,119.2,1587600,2022-10-07
HOG,"Harley-Davidson Inc",35.8,-0.3,-0.83%,35.7,35.85,35,2017000,2022-10-07
HOLX,"Hologic Inc",63.76,-2.03,-3.09%,65.59,65.59,63.38,1516400,2022-10-07
HON,"Honeywell International Inc",171.41,-3.63,-2.07%,173.59,174.16,170.37,2961600,2022-10-07
HOOD,"Robinhood Markets Inc Cl A",10.8,-0.37,-3.31%,10.91,11.17,10.65,6673600,2022-10-07
HPE,"Hewlett Packard Enterprise Comp",12.46,-0.45,-3.49%,12.66,12.73,12.38,12885400,2022-10-07
HPP,"Hudson Pacific Properties",10.17,-0.39,-3.69%,10.36,10.46,10.03,2171500,2022-10-07
HPQ,"Hp Inc",25.04,-1.44,-5.44%,25.77,25.85,24.9,10318100,2022-10-07
HR,"Healthcare Realty Trust Inc.",19.61,-0.51,-2.53%,19.95,20.08,19.42,2636400,2022-10-07
HRB,"H&R Block",38.05,-1.13,-2.88%,39,39.26,37.67,2324000,2022-10-07
HRL,"Hormel Foods Corp",44.54,-0.37,-0.82%,44.85,44.95,44.37,1778900,2022-10-07
HSIC,"Henry Schein Inc",67.55,-1.63,-2.36%,68.45,68.65,67.25,576100,2022-10-07
HST,"Host Marriott Financial Trust",16.3,-0.26,-1.57%,16.42,16.55,16.16,8135000,2022-10-07
HSY,"Hershey Foods Corp",220.52,-0.13,-0.06%,220.69,221.56,219.17,947200,2022-10-07
HTZ,"Hertz Global Holdings Inc",17.14,-0.16,-0.92%,16.89,17.34,16.76,3409600,2022-10-07
HUBB,"Hubbell Inc B",229.1,-5.9,-2.51%,233.63,233.63,227.98,590200,2022-10-07
HUBS,"Hubspot Inc",282.46,-12.24,-4.15%,285.28,287.49,277.07,480000,2022-10-07
HUM,"Humana Inc",503.46,4.16,+0.83%,497.99,504.35,496.65,871000,2022-10-07
HUN,"Huntsman Corp",25.34,-0.51,-1.97%,25.62,25.89,25.22,1781600,2022-10-07
HWM,"Howmet Aerospace Inc",32.54,-0.66,-1.99%,32.93,33.01,32.26,2232000,2022-10-07
HXL,"Hexcel Corp",53.53,-1.18,-2.16%,54.2,54.2,52.97,358900,2022-10-07
HZNP,"Horizon Therapeutics",65,-2.89,-4.26%,66.78,67,64.43,2813500,2022-10-07
IAA,"Iaa Inc",34.26,-0.96,-2.73%,34.97,35.22,33.76,1067100,2022-10-07
IAC,"Iac Inc",55.77,-1.84,-3.19%,56.52,56.95,55.65,724300,2022-10-07
IART,"Integra Lifesciences",43.01,-1,-2.27%,43.78,43.96,42.77,743300,2022-10-07
IBKR,"Interactive Brokers",69.69,-0.52,-0.74%,69.76,70.78,68.41,1707700,2022-10-07
IBM,"International Business Machines",118.82,-3.41,-2.79%,121.5,121.8,118.07,4499600,2022-10-07
ICE,"Intercontinental Exchange",90.02,-3.33,-3.57%,92.52,92.75,89.21,3887300,2022-10-07
ICUI,"I C U Medical Inc",149.99,-3.34,-2.18%,151.76,152.87,149.38,192500,2022-10-07
IDA,"Idacorp Inc",96.33,-1.59,-1.62%,97.98,98.15,95.81,131000,2022-10-07
IDXX,"Idexx Laboratories",333.24,-12.78,-3.69%,341.4,342.53,331.57,594000,2022-10-07
IEX,"Idex Corp",202.03,-5.36,-2.58%,205.4,205.52,201.11,270600,2022-10-07
IFF,"International Flavors & Fragrances",88.5,-1.9,-2.10%,89.16,89.56,88.01,2176300,2022-10-07
ILMN,"Illumina Inc",206.18,-6.54,-3.07%,208.28,212.07,205.18,1618800,2022-10-07
INCY,"Incyte Corp",68.42,-1.22,-1.75%,69.14,69.4,68.25,1199900,2022-10-07
INFA,"Informatica Inc Cl A",20.7,-0.58,-2.73%,21.04,21.04,20.48,440300,2022-10-07
INGR,"Ingredion Inc",80.57,-0.16,-0.20%,80.67,80.85,79.68,376800,2022-10-07
INTC,"Intel Corp",25.72,-1.46,-5.37%,26.17,26.27,25.65,57215500,2022-10-07
INTU,"Intuit Inc",392.96,-18.36,-4.46%,402.16,403.72,391.39,1414300,2022-10-07
INVH,"Invitation Homes Inc",32.35,-1.35,-4.01%,33.37,33.63,32.16,5786700,2022-10-07
IONS,"Ionis Pharmaceuticals",45.93,0.33,+0.72%,45.3,46.26,44.71,1047400,2022-10-07
IP,"International Paper Company",31.56,-0.64,-1.99%,31.76,31.81,31.3,3683900,2022-10-07
IPG,"Interpublic Group of Companies",26.47,-0.46,-1.71%,26.59,26.68,26.3,3091600,2022-10-07
IPGP,"Ipg Photonics Corp",86.62,-3.59,-3.98%,88.86,88.86,86.15,219700,2022-10-07
IQV,"Iqvia Holdings Inc",180.34,-7.2,-3.84%,184.6,184.88,178.78,1200400,2022-10-07
IR,"Ingersoll Rand Inc",45.65,-1.36,-2.89%,46.29,46.47,45.32,1638300,2022-10-07
IRM,"Iron Mountain Inc",45.65,-0.35,-0.76%,45.53,46.65,45.36,1861500,2022-10-07
ISRG,"Intuitive Surg Inc",188.68,-9.02,-4.56%,194.65,195.6,187.62,1897300,2022-10-07
IT,"Gartner Inc",294.01,-6.75,-2.24%,297.54,297.64,291.79,360500,2022-10-07
ITT,"ITT Inc",69.47,-2.25,-3.14%,70.82,71.17,69.04,377600,2022-10-07
ITW,"Illinois Tool Works Inc",187.41,-4.49,-2.34%,190.26,190.38,186.48,815700,2022-10-07
IVZ,"Invesco Plc",14.37,-0.6,-4.01%,14.7,14.82,14.23,4958500,2022-10-07
J,"Jacobs Engineering Group Inc",112.39,-1.39,-1.22%,112.9,113.11,111.63,365200,2022-10-07
JAMF,"Jamf Holding Corp",23.67,-1.88,-7.36%,25.01,25.09,23.65,301800,2022-10-07
JAZZ,"Jazz Pharma Plc",135.8,-3.29,-2.37%,139.05,139.05,134.87,537600,2022-10-07
JBGS,"Jbg Smith Properties",17.76,-0.42,-2.31%,18,18.14,17.66,1104900,2022-10-07
JBHT,"J B Hunt Transport",160.06,-5.05,-3.06%,163.13,164.08,159.44,688500,2022-10-07
JBL,"Jabil Circuit",60.2,-1.48,-2.40%,60.86,61.04,59.5,965800,2022-10-07
JBLU,"Jetblue Airways Cp",6.61,-0.34,-4.89%,6.86,6.89,6.51,11509899,2022-10-07
JCI,"Johnson Controls Intl",50.44,-2.01,-3.83%,51.86,51.94,50.17,3431200,2022-10-07
JEF,"Jefferies Financial Group Inc",31.49,-0.99,-3.05%,32.17,32.19,31.37,1210700,2022-10-07
JHG,"Janus Henderson Group Plc",20.66,-0.31,-1.48%,20.66,20.8,20.24,2262100,2022-10-07
JKHY,"Jack Henry & Assoc",185.66,-0.36,-0.19%,185.18,186.01,183.51,353900,2022-10-07
JLL,"Jones Lang Lasalle Inc",157.17,-6.66,-4.07%,161.56,161.64,155.99,361800,2022-10-07
JNJ,"Johnson & Johnson",160.2,-1.71,-1.06%,161.77,162.22,159.17,6363500,2022-10-07
JNPR,"Juniper Networks",26.74,-0.8,-2.90%,27.23,27.29,26.61,2317100,2022-10-07
JPM,"JP Morgan Chase & Company",105.98,-2.16,-2.00%,107.52,107.71,105.26,11681000,2022-10-07
JWN,Nordstrom,19.34,0.1,+0.52%,18.93,19.42,18.71,5058800,2022-10-07
K,"Kellogg Company",69.65,-0.39,-0.56%,69.93,70.35,69.22,1853700,2022-10-07
KBR,"KBR Inc",46.19,-0.68,-1.45%,46.63,46.87,45.78,1222900,2022-10-07
KD,"Kyndryl Hldgs Inc",8.49,-0.37,-4.18%,8.75,8.76,8.45,1831300,2022-10-07
KDP,"Keurig Dr Pepper Inc",36.5,-0.64,-1.72%,37.2,37.2,36.45,7064700,2022-10-07
KEX,"Kirby Corp",65.62,-1.59,-2.37%,66.52,67.24,65.2,367500,2022-10-07
KEY,Keycorp,16.15,-0.47,-2.83%,16.5,16.51,16.1,12931399,2022-10-07
KEYS,"Keysight Technologies Inc",161.06,-7.45,-4.42%,166,166.05,160.16,769600,2022-10-07
KHC,"Kraft Heinz Company",33.03,-0.39,-1.17%,33.4,33.49,32.81,6786100,2022-10-07
KIM,"Kimco Realty Corp",18.63,-0.53,-2.77%,19.02,19.14,18.46,5446600,2022-10-07
KKR,"KKR & Co. LP",44.9,-2.14,-4.55%,46.08,46.41,44.76,4139100,2022-10-07
KLAC,"K L A-Tencor Corp",314.16,-13.33,-4.07%,318.3,321.75,310.95,2194500,2022-10-07
KMB,"Kimberly-Clark Corp",109.59,-2.6,-2.32%,112.35,112.75,109.51,2047600,2022-10-07
KMI,"Kinder Morgan",17.24,-0.15,-0.86%,17.37,17.49,17.09,16677199,2022-10-07
KMPR,"Kemper Corp",43.52,-0.83,-1.87%,44.32,44.32,43.29,200700,2022-10-07
KMX,"Carmax Inc",62.31,-3.08,-4.71%,64.18,64.69,61.65,2247100,2022-10-07
KNX,"Knight-Swift Transporation Inc",48.28,-0.78,-1.59%,48.52,48.6,47.64,1433400,2022-10-07
KO,"Coca-Cola Company",54.51,-0.52,-0.94%,54.99,55.09,54.25,11479700,2022-10-07
KR,"Kroger Company",43,-0.72,-1.65%,43.66,43.78,42.81,5269800,2022-10-07
KRC,"Kilroy Realty Corp",40.7,-1.08,-2.58%,41.35,41.38,40.04,706900,2022-10-07
KSS,"Kohl's Corp",27.03,-0.32,-1.17%,26.83,27.14,26.55,2316300,2022-10-07
L,"Loews Corp",51.35,-0.8,-1.53%,51.91,51.94,51.04,760800,2022-10-07
LAD,"Lithia Motors",205.33,-6.02,-2.85%,209,210.6,204,554500,2022-10-07
LAMR,"Lamar Advertis A",85.1,-2,-2.30%,86.58,86.99,84.5,686500,2022-10-07
LAZ,"Lazard Ltd",32.41,-0.61,-1.85%,32.72,32.83,32.11,550500,2022-10-07
LBRDA,"Liberty Broadbd A",77.25,-2.39,-3.00%,78.91,79.47,76.77,230100,2022-10-07
LBRDK,"Liberty Broadbd C",75.88,-2.54,-3.24%,77.85,78.16,75.51,945700,2022-10-07
LCID,"Lucid Group Inc",13.17,-1.24,-8.61%,14.06,14.18,13.12,21772400,2022-10-07
LDOS,"Leidos Holdings Inc",91.45,-0.18,-0.20%,91.05,91.65,90.8,652000,2022-10-07
LEA,"Lear Corp",124.67,-4.67,-3.61%,127.7,127.7,123.6,420200,2022-10-07
LECO,"Lincoln Elec Holdings",124.04,-3.17,-2.49%,126.24,126.24,122.98,240000,2022-10-07
LEG,"Leggett & Platt Inc",34.27,-0.7,-2.00%,34.5,34.51,33.99,560900,2022-10-07
LEN,"Lennar Corp",78.11,-2.05,-2.56%,78.79,78.96,77.31,1908200,2022-10-07
LEN.B,"Lennar Corp Cl B",62.28,-1.69,-2.64%,63.19,63.19,61.84,40800,2022-10-07
LESL,"Leslie's Inc",14.62,-0.43,-2.86%,14.75,14.86,14.47,2064300,2022-10-07
LFUS,"Littelfuse Inc",204.11,-9.41,-4.41%,209.83,211.24,202.74,97600,2022-10-07
LH,"Laboratory Corp of America Holdings",205.61,-4.66,-2.22%,208.06,208.95,203.85,1003200,2022-10-07
LHX,"L3Harris Technologies Inc",224.32,3.82,+1.73%,219.79,224.51,219.39,1270400,2022-10-07
LII,"Lennox International",221.03,-9.94,-4.30%,228.55,228.55,219.8,256500,2022-10-07
LIN,"Linde Plc",273.2,-5.62,-2.02%,276.48,277,271.87,1587900,2022-10-07
LITE,"Lumentum Holdings",72.7,-1.27,-1.72%,73.04,73.2,71.75,474700,2022-10-07
LKQ,"LKQ Corp",49.35,-0.63,-1.26%,49.43,49.79,49.06,1085600,2022-10-07
LLY,"Eli Lilly and Company",326.66,-6.29,-1.89%,332.97,333.07,324.9,2601600,2022-10-07
LMT,"Lockheed Martin Corp",403.96,4.35,+1.09%,398.56,404.67,396.01,1124700,2022-10-07
LNC,"Lincoln National Corp",46.8,-1.08,-2.26%,47.17,47.46,46.18,1172700,2022-10-07
LNG,"Cheniere Energy",174,1.49,+0.86%,172.7,177.1,171.53,2303800,2022-10-07
LNT,"Alliant Energy Corp",49.65,-1.6,-3.12%,51.24,51.39,49.26,2724700,2022-10-07
LOPE,"Grand Canyon Educati",80.84,-1.79,-2.17%,82.39,82.39,80.57,221300,2022-10-07
LOW,"Lowe's Companies",197.21,-2.77,-1.39%,198.02,198.51,195.34,3467000,2022-10-07
LPLA,"Lpl Financial Holdings",242.48,-3.94,-1.60%,243.48,243.49,232.9,1289200,2022-10-07
LPX,"Louisiana-Pacific Corp",53.88,-1.24,-2.25%,54.3,54.32,53.39,628800,2022-10-07
LRCX,"Lam Research Corp",374.84,-22.76,-5.72%,386.67,388.66,371.77,2079700,2022-10-07
LSCC,"Lattice Semicond",51.32,-4.01,-7.25%,53.47,53.66,50.68,1748200,2022-10-07
LSI,"Life Storage",103.63,-4.64,-4.29%,107.68,108.28,102.76,722700,2022-10-07
LSTR,"Landstar System",143.71,-5.43,-3.64%,147.1,147.5,143.1,291100,2022-10-07
LSXMA,"Liberty Srs XM CS A",39.61,-0.43,-1.07%,39.62,39.78,39.25,359300,2022-10-07
LSXMK,"Liberty Srs XM CS C",39.32,-0.4,-1.01%,39.33,39.46,38.97,460900,2022-10-07
LULU,"Lululemon Athletica",298.22,-12.26,-3.95%,303.55,306.44,296.47,1283900,2022-10-07
LUMN,Centurylink,6.7,-0.23,-3.32%,6.88,6.88,6.63,24952699,2022-10-07
LUV,"Southwest Airlines Company",31.87,-0.67,-2.06%,32.26,32.42,31.42,4428700,2022-10-07
LVS,"Las Vegas Sands",42.5,-0.57,-1.32%,42.76,42.82,41.62,6788100,2022-10-07
LW,"Lamb Weston Holdings Inc",82.79,0.06,+0.07%,82.46,82.89,81.13,1777600,2022-10-07
LYB,"Lyondellbasell Industries NV",78.62,-1.5,-1.87%,79.39,80.16,78.04,2079600,2022-10-07
LYFT,"Lyft Inc Cl A",12.51,-1.19,-8.69%,13.02,13.1,12.32,16712699,2022-10-07
LYV,"Live Nation Entertainment",78.61,-1.25,-1.57%,78.73,79.68,78.01,1072800,2022-10-07
M,"Macy's Inc",17.44,-0.09,-0.51%,17.11,17.51,17.03,7779000,2022-10-07
MA,"Mastercard Inc",294.97,-4.26,-1.42%,296.66,297.19,292.99,2210800,2022-10-07
MAA,"Mid-America Apartment Communities",145.24,-4.97,-3.31%,148.77,149.6,144.18,786100,2022-10-07
MAN,"Manpower Inc",67,-1.89,-2.74%,68.02,68.02,66.57,336400,2022-10-07
MANH,"Manhattan Assoc",135.43,-5.06,-3.60%,138.63,138.63,134.02,224600,2022-10-07
MAR,"Marriot Int Cl A",141.5,-2.57,-1.78%,141.93,142.17,139.31,2409100,2022-10-07
MAS,"Masco Corp",48.62,-1.96,-3.88%,49.81,49.81,48.39,1957700,2022-10-07
MASI,"Masimo Corp",134.29,-8.71,-6.09%,141.18,141.18,133.97,1035800,2022-10-07
MAT,"Mattel Inc",19.84,0.36,+1.85%,19.19,19.92,19.02,3580700,2022-10-07
MCD,"McDonald's Corp",233.19,-1.56,-0.66%,233.96,234.6,232.08,2294300,2022-10-07
MCHP,"Microchip Technology",63.82,-3.3,-4.92%,65.1,65.52,63.48,6359400,2022-10-07
MCK,"Mckesson Corp",346.68,-4.21,-1.20%,347.92,350.14,345.09,679100,2022-10-07
MCO,"Moody's Corp",245.46,-8.61,-3.39%,251.18,252.24,243.8,961700,2022-10-07
MCW,"Mister Car Wash Inc",8.92,-0.44,-4.70%,9.22,9.27,8.77,1924900,2022-10-07
MDB,"Mongodb Inc Cl A",189.79,-9.41,-4.72%,192.06,194.39,186.86,1344800,2022-10-07
MDLZ,"Mondelez Intl Inc",55.26,-0.75,-1.34%,55.85,55.95,54.95,6753200,2022-10-07
MDT,"Medtronic Inc",82.42,-2,-2.37%,83.91,84.04,82.01,4267800,2022-10-07
MDU,"Mdu Res Group Inc",27.68,-0.64,-2.26%,28.17,28.17,27.57,908600,2022-10-07
MET,"Metlife Inc",63.25,-1.3,-2.01%,64.03,64.32,62.71,3724900,2022-10-07
META,"Meta Platforms Inc",133.45,-5.62,-4.04%,136.76,138.29,132.44,33214699,2022-10-07
MGM,"MGM Resorts International",32.68,-0.64,-1.92%,32.83,33.14,32.34,4440200,2022-10-07
MHK,"Mohawk Industries",95.49,-2.75,-2.80%,96.38,96.76,94.94,550600,2022-10-07
MIDD,"Middleby Corp",134.72,-2.39,-1.74%,136.11,136.11,133.01,282000,2022-10-07
MKC,"Mccormick & Company",73.44,1.01,+1.39%,72.18,74.09,71.95,1986600,2022-10-07
MKL,"Markel Corp",1151.88,7.87,+0.69%,1133.52,1176.7,1118.54,118400,2022-10-07
MKSI,"Mks Instruments Inc",82.87,-5.18,-5.88%,85.29,85.44,82.38,644400,2022-10-07
MKTX,"Marketaxess Holdings",235.62,-2.63,-1.10%,235.3,236.15,233.35,278300,2022-10-07
MLM,"Martin Marietta Materials",320.25,-10.07,-3.05%,325.97,326.76,317.99,318400,2022-10-07
MMC,"Marsh & Mclennan Companies",152.19,-5.13,-3.26%,156.6,156.83,151.39,3057200,2022-10-07
MMM,"3M Company",107.52,-3.6,-3.24%,110.37,110.76,107.08,4296400,2022-10-07
MNST,"Monster Beverage Cp",90.29,-1.45,-1.58%,91.18,91.43,89.94,2775800,2022-10-07
MO,"Altria Group",42.82,-0.17,-0.40%,42.93,43.33,42.33,10524500,2022-10-07
MOH,"Molina Healthcare Inc",348.76,-5.31,-1.50%,348.48,351.36,342.23,545400,2022-10-07
MORN,"Morningstar Inc",214.44,-9.84,-4.39%,220.99,221.1,213.6,99400,2022-10-07
MOS,"Mosaic Company",51.06,-0.25,-0.49%,50.9,51.62,49.57,3243700,2022-10-07
MP,"Mp Materials Corp",29.68,-1.11,-3.61%,30.24,30.59,29.55,1192800,2022-10-07
MPC,"Marathon Petroleum Corp",106.84,-1.02,-0.95%,108.26,109.02,105.71,3114900,2022-10-07
MPW,"Medical Properties Trust",10.14,-0.55,-5.14%,10.52,10.58,10,32829801,2022-10-07
MPWR,"Monolithic Power Sys",362.6,-32.75,-8.28%,383.89,383.89,357.71,1384600,2022-10-07
MRCY,"Mercury Sys Inc",44.33,-0.97,-2.14%,45.25,45.25,43.84,210800,2022-10-07
MRK,"Merck & Company",87.6,0.16,+0.18%,87.88,88.3,87.11,8837300,2022-10-07
MRNA,"Moderna Inc",119.32,-5.83,-4.66%,121.5,123.36,118.46,3158300,2022-10-07
MRO,"Marathon Oil Corp",27.94,-0.31,-1.10%,28.3,28.91,27.63,18554600,2022-10-07
MRTX,"Mirati Therapeutics",66.89,-5.51,-7.61%,71.09,71.97,66.74,767200,2022-10-07
MRVI,"Maravai Lifesciences Holdings Inc Cl A",19.74,-1.19,-5.69%,20.81,21.32,19.55,1746700,2022-10-07
MRVL,"Marvell Technology Inc",42.35,-5.61,-11.70%,46.16,46.38,42.22,18033699,2022-10-07
MS,"Morgan Stanley",78.93,-2.38,-2.93%,80.7,80.79,78.38,7180900,2022-10-07
MSA,"Msa Safety Inc",115.41,-1.19,-1.02%,116.63,116.71,114.13,128500,2022-10-07
MSCI,"MSCI Inc",419.84,-16.81,-3.85%,431.15,433.89,416.17,398300,2022-10-07
MSFT,"Microsoft Corp",234.24,-12.55,-5.09%,240.9,241.32,233.17,37769602,2022-10-07
MSGS,"Madison Square Garden Sports Corp",151.88,11.52,+8.21%,145.43,152.43,145.03,477700,2022-10-07
MSI,"Motorola Solutions",229.85,-4.35,-1.86%,232.13,232.13,228.16,554000,2022-10-07
MSM,"Msc Industrial Direct Company",73.35,-1.84,-2.45%,74.65,74.67,72.97,244100,2022-10-07
MTB,"M&T Bank Corp",182.06,-2.05,-1.11%,183.39,183.39,179.21,734000,2022-10-07
MTCH,"Match Group Inc",48.29,-2.24,-4.42%,49.29,49.5,48,2354900,2022-10-07
MTD,"Mettler-Toledo International",1156.89,-46.29,-3.85%,1190.84,1190.84,1153.77,96900,2022-10-07
MTG,"Mgic Investment Corp",13.03,-0.42,-3.12%,13.33,13.42,12.97,2973000,2022-10-07
MTN,"Vail Resorts",219.49,-1.38,-0.62%,218.43,220.08,214.2,221600,2022-10-07
MTZ,"Mastec Inc",65.53,-1.97,-2.92%,67.35,67.97,65.32,745900,2022-10-07
MU,"Micron Technology",52.91,-1.71,-3.13%,53.56,54.65,52.51,21977699,2022-10-07
NATI,"Natl Instruments Cor",39.13,-1.81,-4.42%,40.5,40.52,38.97,519000,2022-10-07
NBIX,"Neurocrine Bioscienc",108.25,-3.13,-2.81%,110.97,113.63,107.92,1145300,2022-10-07
NCLH,"Norwegian Cruise Ord",12.9,-0.39,-2.93%,13.01,13.2,12.42,27234801,2022-10-07
NCNO,"Ncino Inc",34.29,-1.13,-3.19%,34.45,34.63,33.64,713000,2022-10-07
NCR,"NCR Corp",19.32,-0.88,-4.36%,19.76,19.95,18.74,2047700,2022-10-07
NDAQ,"Nasdaq Inc",57.66,-1.85,-3.11%,58.98,59.1,57.31,1523100,2022-10-07
NDSN,"Nordson Corp",215.72,-5.59,-2.53%,219.97,219.97,214.29,166600,2022-10-07
NEE,"Nextera Energy",76.73,-2.18,-2.76%,78.56,78.64,76.19,7697300,2022-10-07
NEM,"Newmont Mining Corp",42.6,-2.29,-5.10%,44.3,44.7,42.58,9018100,2022-10-07
NET,"Cloudflare Inc Cl A",55.39,-5.63,-9.23%,58.58,58.63,55.05,4032000,2022-10-07
NEU,"Newmarket Corp",297.71,-5.86,-1.93%,303.54,303.54,295.86,44400,2022-10-07
NEWR,"New Relic Inc",55.6,-3.9,-6.55%,58.56,58.66,55.44,334400,2022-10-07
NFE,"New Fortress Energy Llc",46.94,-0.59,-1.24%,47.45,48,46.58,444100,2022-10-07
NFG,"National Fuel Gas Company",62.59,-1.16,-1.82%,63.7,63.9,62.11,433400,2022-10-07
NFLX,"Netflix Inc",224.75,-15.27,-6.36%,235.77,237.33,224.28,9806100,2022-10-07
NI,"NiSource Inc",24.51,-0.59,-2.35%,25.08,25.19,24.34,2711100,2022-10-07
NKE,"Nike Inc",87.16,-3.01,-3.34%,88.54,88.76,86.69,8554600,2022-10-07
NLOK,"Nortonlifelock Inc",20.68,-0.35,-1.66%,20.85,21.07,20.58,7196100,2022-10-07
NLSN,"Nielsen Holdings Plc",27.96,0.03,+0.11%,27.94,27.97,27.94,5523100,2022-10-07
NLY,"Annaly Capital Management Inc",16.27,-0.42,-2.52%,16.51,16.75,16.18,11295601,2022-10-07
NNN,"National Retail Properties",38.73,-0.28,-0.72%,38.81,39.06,38.52,811800,2022-10-07
NOC,"Northrop Grumman Corp",496.09,10.86,+2.24%,485.16,496.52,483.02,1097600,2022-10-07
NOV,"Nov Inc",18.48,-0.49,-2.58%,18.98,19.07,18.36,2327500,2022-10-07
NOW,"Servicenow Inc",401.21,-17.22,-4.12%,410,412.43,398.96,1235500,2022-10-07
NRG,"NRG Energy",41.12,0.02,+0.05%,40.95,41.36,40.65,1915000,2022-10-07
NSA,"National Storage Affiliates Tru",39.37,-1.52,-3.72%,40.43,40.73,39.06,746300,2022-10-07
NSC,"Norfolk Southern Corp",214.57,-4.36,-1.99%,215.93,217.06,212.96,987000,2022-10-07
NTAP,"Netapp Inc",66.08,-0.92,-1.37%,66,66.28,65.22,1313500,2022-10-07
NTNX,"Nutanix Inc",21.98,-0.74,-3.26%,22.35,22.59,21.92,1679900,2022-10-07
NTRA,"Natera Inc",42.77,-4.26,-9.06%,45.72,45.9,42.69,1748600,2022-10-07
NTRS,"Northern Trust Corp",85.95,-2.71,-3.06%,87.94,87.94,85.04,917400,2022-10-07
NUE,"Nucor Corp",115.01,-2.8,-2.38%,117,117.45,113.94,1923500,2022-10-07
NVAX,"Novavax Inc",16.3,-1.78,-9.85%,17.62,17.9,16.23,4434300,2022-10-07
NVCR,"Novocure Ltd Ord Sh",81.35,-4.02,-4.71%,83.95,84.42,80.87,397900,2022-10-07
NVDA,"Nvidia Corp",120.76,-10.54,-8.03%,125.05,126.7,120.22,67247797,2022-10-07
NVR,"NVR Inc",4255.08,-56.05,-1.30%,4249.7,4289,4172.08,17800,2022-10-07
NVST,"Envista Holdings Corp",33.21,-0.91,-2.67%,33.9,34.13,33.09,1424100,2022-10-07
NVT,"Nvent Electric Plc",32.1,-1.25,-3.75%,32.91,32.92,31.96,816100,2022-10-07
NWL,"Newell Rubbermaid Inc",13.96,-0.42,-2.92%,14.18,14.25,13.89,2832600,2022-10-07
NWS,"News Cp Cl B",15.85,-0.34,-2.10%,15.99,16.15,15.75,573200,2022-10-07
NWSA,"News Cp Cl A",15.55,-0.33,-2.08%,15.75,15.82,15.46,1527700,2022-10-07
NXST,"Nexstar Media Group Inc",173.39,-2.81,-1.59%,174.35,175.32,171.75,405900,2022-10-07
NYCB,"New York Community Bancorp",8.45,-0.31,-3.54%,8.66,8.66,8.44,10948000,2022-10-07
NYT,"New York Times Company",29.38,-0.67,-2.23%,29.78,30.09,29.27,5820600,2022-10-07
O,"Realty Income Corp",58.03,-0.49,-0.84%,58.2,58.71,57.68,3287200,2022-10-07
OC,"Owens Corning Inc",84.31,-0.92,-1.08%,83.85,84.9,83.14,1204100,2022-10-07
ODFL,"Old Dominion Freight Line Inc",260.04,-17.14,-6.18%,271.11,272.38,259.14,1153800,2022-10-07
OGE,"Oge Energy Corp",34.44,-1.47,-4.09%,35.5,35.54,34.25,1652400,2022-10-07
OGN,"Organon & CO",24.01,-0.75,-3.03%,24.65,24.74,23.93,1335100,2022-10-07
OHI,"Omega Healthcare Investors",29.41,-0.27,-0.91%,29.57,30.04,29.17,2329700,2022-10-07
OKE,"Oneok Inc",54.53,-1.1,-1.98%,55.53,55.64,53.94,3595800,2022-10-07
OKTA,"Okta Inc Cl A",53.72,-4.29,-7.40%,56.59,56.76,53.55,3034600,2022-10-07
OLED,"Universal Display",99.49,-3.64,-3.53%,100.79,101.35,99.04,273200,2022-10-07
OLLI,"Ollies Bargain CS",52.99,-0.35,-0.66%,52.87,53.46,52.19,874300,2022-10-07
OLN,"Olin Corp",46.34,-0.65,-1.38%,46.45,47.38,45.95,1089800,2022-10-07
OLPX,"Olaplex Holdings Inc",9.14,-0.3,-3.18%,9.35,9.39,9,2004000,2022-10-07
OMC,"Omnicom Group Inc",64.99,-0.81,-1.23%,65.14,65.54,64.46,1324000,2022-10-07
OMF,"Onemain Holdings Inc",31.41,-1.27,-3.89%,32.11,32.28,31.34,940300,2022-10-07
ON,"On Semiconductor",64.83,-5.42,-7.72%,68.01,68.17,63.11,10339300,2022-10-07
OPEN,"Opendoor Technologies Inc",2.81,-0.18,-6.02%,2.89,2.9,2.74,20020900,2022-10-07
ORCL,"Oracle Corp",63.29,-2.01,-3.08%,64.49,64.62,62.74,7138000,2022-10-07
ORI,"Old Republic International Corp",21.75,-0.29,-1.32%,21.96,21.98,21.66,1401400,2022-10-07
ORLY,"O'Reilly Automotive",710.77,-21.64,-2.95%,728.38,729.32,705.71,466600,2022-10-07
OSH,"Oak Street Health Inc",22.07,-1.69,-7.11%,23.27,24.27,21.73,3325000,2022-10-07
OSK,"Oshkosh Truck Corp",74.56,-1.82,-2.38%,75.7,75.87,74.27,353400,2022-10-07
OTIS,"Otis Worldwide Corp",65.26,-1.54,-2.31%,66.17,66.51,64.87,1446500,2022-10-07
OVV,"Ovintiv Inc",55.57,-0.21,-0.38%,55.6,56.7,54.71,4894000,2022-10-07
OWL,"Blue Owl Capital Inc",9.18,-0.29,-3.06%,9.31,9.44,9,6052200,2022-10-07
OXY,"Occidental Petroleum Corp",69.8,-0.7,-0.99%,70.86,72.04,69.06,29084900,2022-10-07
OZK,"Bank Ozk",41.33,-1.01,-2.39%,42.12,42.12,41.01,665000,2022-10-07
PACW,"Pacwest Bancorp",22.87,-0.54,-2.31%,23.18,23.24,22.65,1321900,2022-10-07
PAG,"Penske Automotive Group",99.89,-1.03,-1.02%,100.04,101.09,99.41,619700,2022-10-07
PANW,"Palo Alto Networks Inc",169.91,-4.84,-2.77%,172.14,173.78,169.35,2833600,2022-10-07
PARA,"Paramount Global Cl B",18.65,-0.48,-2.51%,18.9,19.13,18.49,9161101,2022-10-07
PARAA,"Paramount Global Cl A",21.25,-0.44,-2.03%,21.45,21.65,21.13,110900,2022-10-07
PATH,"Uipath Inc Cl A",12.96,-0.71,-5.19%,13.28,13.39,12.8,5809400,2022-10-07
PAYC,"Paycom Software Inc",338.4,-15.2,-4.30%,346.53,347.88,337.36,395900,2022-10-07
PAYX,"Paychex Inc",109.59,-2.1,-1.88%,110.58,110.91,108.97,2133500,2022-10-07
PB,"Prosperity Bancshares",69.27,-1.5,-2.12%,70.54,70.54,68.96,323900,2022-10-07
PCAR,"Paccar Inc",87.68,-2.02,-2.25%,88.76,89.09,87.47,1878600,2022-10-07
PCG,"Pacific Gas & Electric Company",14.93,0.3,+2.05%,14.61,14.95,14.52,38200598,2022-10-07
PCOR,"Procore Technologies Inc",53.91,-2.49,-4.41%,55,55.31,53.24,437200,2022-10-07
PCTY,"Paylocity Holdings Corp",245.81,-19.16,-7.23%,258.22,258.79,244.38,578200,2022-10-07
PDCE,"Pdc Energy Inc",67.93,0.51,+0.76%,67.9,69.9,67.08,921900,2022-10-07
PEAK,"Healthpeak Properties Inc",21.9,-0.69,-3.05%,22.2,22.43,21.79,4978300,2022-10-07
PEG,"Public Service Enterprise Group Inc",55.32,-1.34,-2.36%,56.54,56.84,54.85,2073400,2022-10-07
PEGA,"Pegasystems Inc",32.31,-1.49,-4.41%,33.06,33.06,32.06,232900,2022-10-07
PEN,"Penumbra Inc",181.26,-13.4,-6.88%,190.41,191.41,180.17,256300,2022-10-07
PENN,"Penn Entertainment Inc",30.68,-1.22,-3.82%,31.36,31.36,29.85,4744400,2022-10-07
PEP,"Pepsico Inc",161.61,-1.19,-0.73%,162.3,163.01,160.98,4779100,2022-10-07
PFE,"Pfizer Inc",42.32,-0.77,-1.79%,43.05,43.05,41.92,20095000,2022-10-07
PFG,"Principal Financial Group Inc",76.04,-2.28,-2.91%,76.79,77.33,75.51,1663200,2022-10-07
PFGC,"Performance Food Group Company",44.88,-1.14,-2.48%,45.3,45.71,44.5,909500,2022-10-07
PG,"Procter & Gamble Company",124.27,-2.21,-1.75%,126.5,126.58,123.76,6095400,2022-10-07
PGR,"Progressive Corp",121.96,0.04,+0.03%,121.94,122.77,120.82,2521800,2022-10-07
PH,"Parker-Hannifin Corp",254.19,-6.74,-2.58%,257.87,258.76,252.4,613000,2022-10-07
PHM,Pultegroup,40.09,-1.18,-2.86%,40.69,40.69,39.52,1950700,2022-10-07
PII,"Polaris Industries Inc",96.96,-2.23,-2.25%,97.97,98.25,95.3,404100,2022-10-07
PINC,"Premier Inc Cl A",33.29,-1.01,-2.94%,33.96,33.98,33.13,455100,2022-10-07
PINS,"Pinterest Inc",25.12,-0.71,-2.75%,25.47,25.66,24.6,11107300,2022-10-07
PK,"Park Hotels & Resorts Inc",11.63,-0.31,-2.60%,11.79,11.92,11.52,2592500,2022-10-07
PKG,"Packaging Corp of America",113.71,-2.21,-1.91%,114.58,114.71,112.83,583700,2022-10-07
PKI,Perkinelmer,124,-5.61,-4.33%,127.81,128.66,123.62,898300,2022-10-07
PLD,"Prologis Inc",100.36,-1.56,-1.53%,100.93,101.36,99.68,5762200,2022-10-07
PLNT,"Planet Fitness",60.89,-1.26,-2.03%,61.54,61.92,60.28,977100,2022-10-07
PLTK,"Playtika Holding Corp",10.32,-0.05,-0.48%,10.22,10.4,10.09,3364000,2022-10-07
PLTR,"Palantir Technologies Inc Cl A",8.15,-0.32,-3.78%,8.26,8.28,8.11,29550400,2022-10-07
PLUG,"Plug Power Inc",19.9,-1.19,-5.64%,20.45,20.54,19.54,20725600,2022-10-07
PM,"Philip Morris International Inc",84.65,-0.82,-0.96%,85.26,85.61,84.22,3464700,2022-10-07
PNC,"PNC Bank",151.34,-4.37,-2.81%,154.52,154.76,150.74,1688100,2022-10-07
PNFP,"Pinnacle Finl Ptnrs",82.54,-2.87,-3.36%,84.89,84.89,82.33,562400,2022-10-07
PNR,"Pentair Ltd",40.91,-1.17,-2.78%,41.52,41.52,40.6,1649700,2022-10-07
PNW,"Pinnacle West Capital Corp",60.98,-1.75,-2.79%,62.75,62.99,60.59,1033200,2022-10-07
PODD,"Insulet Corp",237.29,-8.22,-3.35%,244.12,245.14,236.62,355500,2022-10-07
POOL,"Pool Corp",321.6,-7.27,-2.21%,323.05,324.07,315.38,254300,2022-10-07
POST,"Post Holdings Inc",82.17,1.02,+1.26%,80.94,82.28,80.54,301300,2022-10-07
PPC,"Pilgrim's Pride",21.61,-0.54,-2.44%,21.94,21.94,21.14,1011200,2022-10-07
PPG,"PPG Industries",114.37,-3.36,-2.85%,116.39,116.92,113.57,1052700,2022-10-07
PPL,"PPL Corp",24.68,-0.76,-2.99%,25.25,25.48,24.58,5686400,2022-10-07
PRGO,"Perrigo Company",38.09,-0.49,-1.27%,38.7,38.77,37.88,1423700,2022-10-07
PRI,"Primerica Inc",128.02,-2.82,-2.16%,130.2,130.97,127.25,102000,2022-10-07
PRU,"Prudential Financial Inc",91.08,-1.87,-2.01%,92.19,92.58,90.37,1507300,2022-10-07
PSA,"Public Storage",283.67,-4.29,-1.49%,285.67,287.32,280.83,842900,2022-10-07
PSTG,"Pure Storage Inc",28.26,-0.89,-3.05%,28.53,28.79,27.98,2380100,2022-10-07
PSX,"Phillips 66",92.5,-0.86,-0.92%,93.9,94.5,91.86,3283400,2022-10-07
PTC,"Ptc Inc",110.17,-2,-1.78%,110.21,110.43,108.84,711400,2022-10-07
PTON,"Peloton Interactive Inc",8.69,-0.14,-1.59%,8.48,8.82,8.4,14305100,2022-10-07
PVH,"Phillips-Van Heusen Corp",47.63,-1.99,-4.01%,48.11,48.75,47.23,1071100,2022-10-07
PWR,"Quanta Services",128.53,-3.69,-2.79%,131.67,131.75,127.53,622900,2022-10-07
PXD,"Pioneer Natural Resources Company",256.88,0.18,+0.07%,257.72,261.88,255.4,3038700,2022-10-07
PYCR,"Paycor Hcm Inc",30.78,-2.42,-7.29%,32.64,32.72,30.28,521300,2022-10-07
PYPL,"Paypal Holdings",90.17,-4.25,-4.50%,92.18,92.82,89.68,9229500,2022-10-07
QCOM,"Qualcomm Inc",120.91,-4.37,-3.49%,122.62,124.11,120.32,8618500,2022-10-07
QDEL,"Quidelortho Corp",71.03,-1.37,-1.89%,71.91,72.39,70.08,491200,2022-10-07
QGEN,"Qiagen N.V.",42.51,-1.49,-3.39%,43.69,43.8,42.35,901500,2022-10-07
QRVO,"Qorvo Inc",81.51,-3.95,-4.62%,83.3,83.81,81.06,1757200,2022-10-07
QS,"Quantumscape Corp",8.43,-0.72,-7.87%,8.88,8.9,8.43,6064000,2022-10-07
R,"Ryder System",79.09,-2.8,-3.42%,81.26,81.26,78.91,311100,2022-10-07
RARE,"Ultragenyx Pharmaceu",37.93,-2.01,-5.03%,39.15,39.8,37.63,1030000,2022-10-07
RBLX,"Roblox Corp Cl A",34.82,-4.33,-11.06%,37.95,38.06,34.42,20549500,2022-10-07
RCL,"Royal Caribbean Cruises Ltd",43.6,-0.42,-0.95%,43.6,44.25,42.55,7890000,2022-10-07
RE,"Everest Re Group",264.43,-7.88,-2.89%,270.2,270.2,262.45,307900,2022-10-07
REG,"Regency Centers Corp",54.32,-0.8,-1.45%,54.62,54.82,54.06,1014500,2022-10-07
REGN,"Regeneron Pharmaceuticals",722.37,-9.49,-1.30%,731.66,732.69,720.14,670700,2022-10-07
REXR,"Rexford Industrial Realty Inc",50.8,-1.67,-3.18%,52.08,52.42,50.33,824500,2022-10-07
REYN,"Reynolds Consumer Products Inc",26.26,-0.49,-1.83%,26.66,26.73,26.17,378500,2022-10-07
RF,"Regions Financial Corp",20.45,-0.36,-1.73%,20.68,20.73,20.25,10460700,2022-10-07
RGA,"Reinsurance Group of America Inc",131.52,-3.1,-2.30%,134.04,134.04,130.99,331500,2022-10-07
RGEN,"Repligen Cp",209.89,-8.51,-3.90%,214.52,214.52,208.67,384800,2022-10-07
RGLD,"Royal Gold Inc",93.88,-5.55,-5.58%,97.99,98.33,93.71,579000,2022-10-07
RH,"Rh Common Stock",256.84,-8.04,-3.04%,259.62,262.47,253.72,532200,2022-10-07
RHI,"Robert Half International Inc",77.5,-2.08,-2.61%,78.74,78.74,76.86,1198700,2022-10-07
RITM,"Rithm Capital Corp",7.29,-0.1,-1.35%,7.28,7.43,7.2,6204500,2022-10-07
RIVN,"Rivian Automotive Inc Cl A",33.95,-2.81,-7.64%,35.71,36.01,33.01,22803500,2022-10-07
RJF,"Raymond James Financial",107.12,-1.1,-1.02%,107.51,107.93,105.75,1118600,2022-10-07
RKT,"Rocket Companies Inc Cl A",6.69,-0.3,-4.29%,6.77,6.91,6.46,3962500,2022-10-07
RL,"Ralph Lauren Corp",90.76,-2.77,-2.96%,92.32,92.32,89.81,831000,2022-10-07
RMD,"Resmed Inc",222.41,-7.44,-3.24%,227.84,227.87,221.15,330300,2022-10-07
RNG,"Ringcentral Inc",39.32,-2.96,-7.00%,41,41.37,39.17,2436700,2022-10-07
RNR,"Renaissancere Holdings Ltd",128.74,-7.1,-5.23%,134.93,134.93,128.74,489000,2022-10-07
ROK,"Rockwell Automation Inc",225.41,-7.71,-3.31%,229.97,230.01,223.68,545200,2022-10-07
ROKU,"Roku Inc",55.08,-4.31,-7.26%,57.8,57.97,54.8,8564000,2022-10-07
ROL,"Rollins Inc",36.16,-0.97,-2.61%,36.84,36.99,36.06,1153000,2022-10-07
ROP,"Roper Industries",369.37,-10.96,-2.88%,376.77,377.92,367.23,577100,2022-10-07
ROST,"Ross Stores Inc",86.86,-1.38,-1.56%,87.29,87.78,86.17,1743000,2022-10-07
RPM,"RPM International Inc",91.05,-3.87,-4.08%,94.11,94.11,90.89,955600,2022-10-07
RPRX,"Royalty Pharma Plc Cl A",40.86,-0.2,-0.49%,40.95,41.49,40.65,1839500,2022-10-07
RRC,"Range Resources Corp",27.09,-0.66,-2.38%,27.6,28.57,27.05,3949700,2022-10-07
RRX,"Regal Rexnord Corp",150.94,-6.77,-4.29%,156.25,156.76,149.85,534300,2022-10-07
RS,"Reliance Steel & Aluminum Company",178.27,-3.61,-1.98%,181,181.71,178.02,449500,2022-10-07
RSG,"Republic Services",129.23,-4.18,-3.13%,132.28,132.62,129.07,1482400,2022-10-07
RTX,"Raytheon Technologies Corp",84.01,-0.27,-0.32%,83.76,84.09,82.71,4417500,2022-10-07
RUN,"Sunrun Inc",25.51,-1.7,-6.25%,26.57,26.85,25.16,7879800,2022-10-07
RYAN,"Ryan Specialty Hldgs Inc",40.47,-0.89,-2.15%,40.87,41.13,40.19,428300,2022-10-07
RYN,"Rayonier Inc REIT",31.48,-0.14,-0.44%,31.46,31.78,31.31,693600,2022-10-07
S,"Sentinelone Inc Cl A",26.54,-1.14,-4.12%,26.99,27.27,26.11,2024500,2022-10-07
SAIC,"Science Applications International",92.06,0.03,+0.03%,91.83,92.26,90.77,252800,2022-10-07
SAM,"Boston Beer Company",342.45,-4.48,-1.29%,344.68,346.1,339.17,162600,2022-10-07
SBAC,"SBA Communications",262.4,-5.62,-2.10%,265.17,267.63,260.99,855500,2022-10-07
SBNY,"Signature Bank",152.99,-4.6,-2.92%,154.93,155.05,151.36,467200,2022-10-07
SBUX,"Starbucks Corp",87.03,-2.32,-2.60%,88.54,88.9,86.3,6606300,2022-10-07
SCCO,"Southern Copper Corp",47.91,-0.39,-0.81%,47.66,48.83,47.44,1866300,2022-10-07
SCHW,"The Charles Schwab Corp",74.31,-1.68,-2.21%,75.5,75.88,73.59,8063000,2022-10-07
SCI,"Service Corp International",60,-1.01,-1.66%,60.99,61.17,59.49,788700,2022-10-07
SEB,"Seaboard Corp",3469.99,-63.97,-1.81%,3496.99,3550,3423.01,500,2022-10-07
SEE,"Sealed Air Corp",44.02,-1.15,-2.55%,44.5,44.61,43.77,803000,2022-10-07
SEIC,"Sei Investments Company",48.81,-1.71,-3.38%,50.21,50.21,48.54,443200,2022-10-07
SF,"Stifel Financial Corp",54.33,-1.51,-2.70%,55.26,55.26,53.79,368300,2022-10-07
SGEN,"Seagen Inc",131.26,-5.02,-3.68%,135.24,135.25,131.02,883100,2022-10-07
SGFY,"Signify Health Inc Cl A",29.18,-0.1,-0.34%,29.23,29.26,29.15,1846000,2022-10-07
SHC,"Sotera Health Company",6.96,-0.1,-1.42%,7.02,7.06,6.76,2430800,2022-10-07
SHW,"Sherwin-Williams Company",205.6,-11.17,-5.15%,213.71,214.8,204.05,1198800,2022-10-07
SIRI,"Sirius XM Holdings",5.87,-0.06,-1.01%,5.9,5.93,5.85,17133000,2022-10-07
SITE,"Siteone Landscape Supply",106.97,-5.01,-4.47%,109.97,110.11,105.29,286600,2022-10-07
SIVB,"Svb Financial Group",341.47,-15.1,-4.23%,348.95,349.23,339.02,482700,2022-10-07
SIX,"Six Flags Entertainment Corp",18.07,-0.35,-1.90%,18.1,18.43,17.67,1689300,2022-10-07
SJM,"J.M. Smucker Company",137.59,-0.49,-0.35%,138.05,138.39,136.88,641900,2022-10-07
SKX,"Skechers U.S.A.",34.38,-0.5,-1.43%,34.23,34.44,33.89,983800,2022-10-07
SLB,"Schlumberger N.V.",42.59,0.1,+0.24%,42.53,43.12,41.67,15953700,2022-10-07
SLG,"SL Green Realty Corp",38.41,-1.05,-2.66%,38.86,38.98,37.87,1098700,2022-10-07
SLGN,"Silgan Holdings",42.14,-0.95,-2.20%,42.95,43,42.01,307700,2022-10-07
SLM,"SLM Corp",15.49,-0.39,-2.46%,15.53,15.74,15.19,2547500,2022-10-07
SMAR,"Smartsheet Inc Cl A",36.18,-1.27,-3.39%,35.99,36.77,35.43,1328600,2022-10-07
SMG,"Scotts Miracle-Gro Company",41.04,-4.15,-9.18%,44.55,45.21,40.21,1813200,2022-10-07
SNA,"Snap-On Inc",209.55,-4.26,-1.99%,212.34,212.34,208.04,211600,2022-10-07
SNDR,"Schneider National Inc",20.75,-0.55,-2.58%,21.08,21.08,20.62,368800,2022-10-07
SNOW,"Snowflake Inc Cl A",175.1,-13.81,-7.31%,183.24,183.43,174.54,5408800,2022-10-07
SNPS,"Synopsys Inc",307.01,-14.92,-4.63%,314.41,315.88,305.23,1093300,2022-10-07
SNV,"Synovus Financial Corp",40.06,-0.91,-2.22%,40.73,40.78,39.88,844800,2022-10-07
SNX,"Synnex Corp",82.84,-3.84,-4.43%,85.76,85.76,82.41,319100,2022-10-07
SO,"Southern Company",64.12,-1.61,-2.45%,65.83,65.99,63.79,4889400,2022-10-07
SOFI,"Sofi Technologies Inc",5.01,-0.28,-5.29%,5.13,5.15,4.96,27856100,2022-10-07
SON,"Sonoco Products Company",57.88,-1.43,-2.41%,58.84,59.03,57.58,558500,2022-10-07
SPB,"Spectrum Brands Holdings Inc",42.1,1.62,+4.00%,40.84,43,40.39,1093200,2022-10-07
SPG,"Simon Property Group",92.54,-2.14,-2.26%,93.48,94.31,92.03,1811700,2022-10-07
SPGI,"S&P Global Inc",304.53,-11.64,-3.68%,312.78,313.58,302.61,2098300,2022-10-07
SPLK,"Splunk Inc",72.98,-6.55,-8.24%,78.09,78.09,72.4,3774100,2022-10-07
SPOT,"Spotify Technology S.A.",88.01,-4.24,-4.60%,90.06,90.29,87.38,1276400,2022-10-07
SPR,"Spirit Aerosystems Holdings",24.68,-0.06,-0.24%,24.26,24.7,23.56,1823200,2022-10-07
SQ,"Block Inc",57.41,-4.52,-7.30%,59.86,60.45,56.89,11231900,2022-10-07
SRC,"Spirit Realty Capital Inc",35.36,-0.83,-2.29%,35.84,35.97,35.22,806600,2022-10-07
SRCL,"Stericycle Inc",42.43,-1.18,-2.71%,43.31,43.35,42.18,447100,2022-10-07
SRE,Sempra,147.03,-1.88,-1.26%,148.92,149.45,145.73,1361700,2022-10-07
SRPT,"Sarepta Therapeutics",111.34,-3.48,-3.03%,114.3,114.54,111.17,1245600,2022-10-07
SSNC,"SS&C Technologies",48.64,-1.98,-3.91%,50.05,50.42,48.28,1468900,2022-10-07
SSRM,"Ssr Mining Inc",14.49,-0.65,-4.29%,14.87,15.01,14.46,1549100,2022-10-07
ST,"Sensata Technologies Holding N.V.",39.39,-1.38,-3.38%,40.28,40.36,39.32,1362000,2022-10-07
STE,"Steris Corp",170.19,-2.55,-1.48%,172,172.28,169.52,831400,2022-10-07
STLD,"Steel Dynamics Inc",75.89,-1.25,-1.62%,77.04,77.5,75.39,1143800,2022-10-07
STOR,"Store Capital Corp",31.32,-0.11,-0.35%,31.36,31.46,31.31,4325700,2022-10-07
STT,"State Street Corp",62.11,-1.85,-2.89%,63.44,63.44,61.63,1782600,2022-10-07
STWD,"Starwood Property Trust",18.68,-0.49,-2.56%,19.03,19.24,18.53,4320200,2022-10-07
STZ,"Constellation Brands Inc",222.7,-9.82,-4.22%,233.33,233.51,221.97,2154900,2022-10-07
SUI,"Sun Communities",127.04,-5.01,-3.79%,130.37,131.27,126.32,943500,2022-10-07
SWCH,"Switch Inc",33.77,-0.23,-0.68%,33.97,33.99,33.73,3891800,2022-10-07
SWK,"Stanley Black & Decker Inc",77.52,-3.54,-4.37%,79.89,80.01,77.25,1839800,2022-10-07
SWKS,"Skyworks Solutions",87.2,-5.41,-5.84%,90.18,90.39,86.95,2592400,2022-10-07
SWN,"Southwestern Energy Company",6.78,-0.17,-2.45%,6.89,7.05,6.75,27645000,2022-10-07
SYF,"Synchrony Financial",30.84,-0.65,-2.06%,31.01,31.11,30.65,7533900,2022-10-07
SYK,"Stryker Corp",208.52,-2.9,-1.37%,209.3,210.12,206.84,1222100,2022-10-07
SYNH,"Syneos Health Inc",48.05,-2.01,-4.02%,49.42,49.53,47.71,684100,2022-10-07
SYY,"Sysco Corp",72.19,-1.08,-1.47%,72.58,72.83,71.75,2106000,2022-10-07
T,"AT&T Inc",14.94,-0.38,-2.48%,15.23,15.24,14.9,53446902,2022-10-07
TAP,"Molson Coors Brewing Company",47.02,-0.71,-1.49%,47.52,47.72,46.69,1032400,2022-10-07
TDC,"Teradata Corp",30.05,-1.31,-4.18%,30.98,30.98,29.98,885000,2022-10-07
TDG,"Transdigm Group Inc",533.48,-13.52,-2.47%,540.09,540.63,528.16,215600,2022-10-07
TDOC,"Teladoc Health Inc",25.13,-1.68,-6.27%,26.02,26.11,24.97,4109000,2022-10-07
TDY,"Teledyne Technologies Inc",340.13,-8.89,-2.55%,344.82,345.41,338.49,206400,2022-10-07
TEAM,"Atlassian Corp",228.24,-10.75,-4.50%,231.94,233.61,225.3,1327000,2022-10-07
TECH,"Bio-Techne Cp",296,-13.08,-4.23%,304.01,304.83,293.01,242800,2022-10-07
TER,"Teradyne Inc",77.33,-4.68,-5.71%,79.64,80.16,76.65,2321800,2022-10-07
TFC,"Truist Financial Corp",43.53,-1.35,-3.01%,44.6,44.74,43.38,6177900,2022-10-07
TFSL,"Tfs Financial Corp",12.7,-0.46,-3.50%,13.15,13.15,12.7,357300,2022-10-07
TFX,"Teleflex Inc",194.22,-5.21,-2.61%,197.29,197.29,192.8,344600,2022-10-07
TGT,"Target Corp",152.34,-3.41,-2.19%,154.34,154.52,150.72,2771900,2022-10-07
THC,"Tenet Healthcare Corp",53.78,-1.46,-2.64%,54.42,54.5,53.15,874000,2022-10-07
THG,"The Hanover Insurance Group",132.96,-1.36,-1.01%,134.44,134.44,131.86,316800,2022-10-07
THO,"Thor Industries",72.4,0.39,+0.54%,72.15,72.75,70.17,1001700,2022-10-07
TJX,"TJX Companies",64.59,-0.5,-0.77%,64.51,64.85,63.94,5153000,2022-10-07
TKR,"Timken Company",63.67,-1.09,-1.68%,64.11,64.21,62.68,475300,2022-10-07
TMO,"Thermo Fisher Scientific Inc",523.61,-16.98,-3.14%,535,535.8,520.9,976700,2022-10-07
TMUS,"T-Mobile US",137.59,-1.83,-1.31%,138.92,139.29,137.04,4945800,2022-10-07
TMX,"Terminix Global Hldgs Inc",38.63,-0.58,-1.48%,39.12,39.12,38.4,2138600,2022-10-07
TNDM,"Tandem Diabetes Care",52.13,-1.36,-2.54%,53,53.98,52.13,1269900,2022-10-07
TNL,"Travel + Leisure Co.",35.98,-1.07,-2.89%,36.46,36.59,35.52,733300,2022-10-07
TOL,"Toll Brothers Inc",44.57,-1.52,-3.30%,45.34,45.66,44.33,1863400,2022-10-07
TOST,"Toast Inc Cl A",16.82,-1.12,-6.24%,17.44,17.56,16.55,3332000,2022-10-07
TPL,"Texas Pacific Land Trust",1981.39,-43.15,-2.13%,2038.99,2058.2,1965.13,54200,2022-10-07
TPR,"Tapestry Inc",31.48,-0.53,-1.66%,31.36,31.67,31.07,2925000,2022-10-07
TPX,"Tempur-Pedic International Inc",26.9,-0.65,-2.36%,27.12,27.25,26.62,1220900,2022-10-07
TREX,"Trex Company",49.54,-1.76,-3.43%,50.18,50.28,48.37,1339700,2022-10-07
TRGP,"Targa Resources",63.77,-1.1,-1.70%,64.39,64.96,62.74,3516100,2022-10-07
TRIP,"Tripadvisor Inc",22.88,-0.38,-1.63%,22.84,23.13,22.51,1214500,2022-10-07
TRMB,"Trimble Navigation",54.61,-3.12,-5.40%,56.61,56.61,54.35,856300,2022-10-07
TROW,"T Rowe Price Group",106.2,-4.72,-4.26%,109.33,109.67,105.67,1521100,2022-10-07
TRU,Transunion,57.74,-2.43,-4.04%,59.22,59.41,57.37,1859500,2022-10-07
TRV,"The Travelers Companies Inc",156.88,-2.31,-1.45%,158.68,158.82,156.34,1058800,2022-10-07
TSCO,"Tractor Supply Company",194.62,-5.46,-2.73%,198.49,198.83,193.85,978600,2022-10-07
TSLA,"Tesla Inc",223.07,-15.06,-6.32%,233.93,234.57,222.02,83916797,2022-10-07
TSN,"Tyson Foods",63.89,-1.63,-2.49%,65.15,65.21,63.44,2766400,2022-10-07
TT,"Trane Technologies Plc",146.36,-5.21,-3.44%,149.72,150.54,145.39,1231300,2022-10-07
TTC,"Toro Company",94.04,-0.41,-0.43%,93.76,94.16,92.85,405000,2022-10-07
TTD,"Trade Desk Inc",56.79,-4.38,-7.16%,59.5,59.5,55.8,6144100,2022-10-07
TTEK,"Tetra Tech Inc",125.6,-6.18,-4.69%,129.95,129.95,124.9,218600,2022-10-07
TTWO,"Take-Two Interactive",120.73,-0.65,-0.54%,118.75,121.07,118.57,1507300,2022-10-07
TW,"Tradeweb Markets Inc",55.33,-2.12,-3.69%,56.79,57.01,54.82,737800,2022-10-07
TWKS,"Thoughtworks Holding Inc",9.61,-0.73,-7.06%,10.07,10.07,9.4,1367600,2022-10-07
TWLO,Twilio,76.84,-1.19,-1.53%,75.93,77.96,75.53,4233500,2022-10-07
TWTR,"Twitter Inc",49.18,-0.21,-0.43%,49.02,49.52,48.14,32630100,2022-10-07
TXG,"10X Genomics Inc",28.57,-2.78,-8.87%,30.22,30.28,28.4,787200,2022-10-07
TXN,"Texas Instruments",159.28,-7.26,-4.36%,164.02,165.06,158.61,8306400,2022-10-07
TXT,"Textron Inc",61.3,-1.33,-2.12%,61.89,62.08,60.67,1353400,2022-10-07
TYL,"Tyler Technologies",352.95,-13.05,-3.57%,359.78,363.49,351.43,197200,2022-10-07
U,"Unity Software Inc",32.77,-3.08,-8.59%,34.94,34.94,32.58,6339700,2022-10-07
UA,"Under Armour Inc Cl C",6.27,-0.25,-3.83%,6.39,6.43,6.24,2249400,2022-10-07
UAA,"Under Armour",7.07,-0.23,-3.15%,7.12,7.2,6.97,9086700,2022-10-07
UAL,"United Airlines Holdings Inc",33.86,-1.1,-3.15%,34.7,34.7,33.43,9386300,2022-10-07
UBER,"Uber Technologies Inc",28.07,-1.66,-5.58%,28.83,28.86,27.92,19690201,2022-10-07
UDR,"United Dominion Realty Trust",38.04,-1.75,-4.40%,39.07,39.38,37.88,2542900,2022-10-07
UGI,"Ugi Corp",32.33,-0.26,-0.80%,32.54,32.64,32.03,1308200,2022-10-07
UHAL,"A M E R C O",537.02,-19.57,-3.52%,552.72,552.75,536.37,48300,2022-10-07
UHS,"Universal Health Services",91.43,-1.86,-1.99%,92.52,92.52,90.79,486900,2022-10-07
UI,"Ubiquiti Networks",301.26,-16.1,-5.07%,312.52,312.75,299.51,43100,2022-10-07
ULTA,"Ulta Beauty Inc",387.98,-4.1,-1.05%,386.53,388.48,380.94,689000,2022-10-07
UMPQ,"Umpqua Holdings Corp",17.17,-0.6,-3.38%,17.68,17.68,17.14,1037400,2022-10-07
UNH,"Unitedhealth Group Inc",504.85,-14.28,-2.75%,514.17,514.17,501.06,3273700,2022-10-07
UNM,"Unumprovident Corp",41.62,0.41,+0.99%,41.11,41.74,40.86,1482400,2022-10-07
UNP,"Union Pacific Corp",195.62,-2.59,-1.31%,196.02,197.15,193.61,2875600,2022-10-07
UNVR,"Univar Inc",23.55,-0.39,-1.63%,23.68,23.79,23.26,1430000,2022-10-07
UPS,"United Parcel Service",159.14,-6.46,-3.90%,163.96,164.01,158.34,3490900,2022-10-07
UPST,"Upstart Holdings Inc",20.88,-1.7,-7.53%,21.81,21.89,20.62,5480800,2022-10-07
URI,"United Rentals",284.52,-9.06,-3.09%,288.27,290.79,280.9,827900,2022-10-07
USB,"U.S. Bancorp",40.2,-0.88,-2.14%,40.82,40.93,39.97,8696601,2022-10-07
USFD,"US Foods Holding",26.53,-1.07,-3.88%,27.2,27.3,26.17,2506000,2022-10-07
UTHR,"United Therapeutic",206.77,-3.03,-1.44%,208.93,209.09,206.09,257600,2022-10-07
UWMC,"Uwm Hldg Corp",3.26,0.04,+1.24%,3.23,3.28,3.15,1215200,2022-10-07
V,"Visa Inc",183.83,-1.76,-0.95%,183.45,184.61,181.93,5610200,2022-10-07
VAC,"Marriot Vacations Worldwide Cor",129.47,-0.87,-0.67%,128.78,129.68,126.5,294200,2022-10-07
VEEV,"Veeva Systems Inc",165.83,-7.85,-4.52%,170.77,171.3,164.87,737700,2022-10-07
VFC,"V.F. Corp",28.87,-1.43,-4.72%,29.87,29.92,28.61,5127400,2022-10-07
VICI,"Vici Properties Inc",30.64,-0.32,-1.03%,30.71,30.97,30.44,4691200,2022-10-07
VIRT,"Virtu Financial Cm A",21.76,-0.27,-1.23%,21.99,22,21.61,585600,2022-10-07
VLO,"Valero Energy Corp",113.78,-5.44,-4.56%,119.78,120.18,112.83,4557800,2022-10-07
VMC,"Vulcan Materials Company",157.49,-4.71,-2.90%,160.27,160.6,156.5,509000,2022-10-07
VMI,"Valmont Industries",282.74,-6.98,-2.41%,287.77,289.33,280.06,88700,2022-10-07
VMW,"Vmware Inc",109.81,-2.24,-2.00%,110.84,111.47,109.05,513700,2022-10-07
VNO,"Vornado Realty Trust",21.32,-0.84,-3.79%,21.75,22.04,21.07,5327900,2022-10-07
VNT,"Vontier Corp",17,-0.58,-3.30%,17.34,17.49,16.84,1377200,2022-10-07
VOYA,"VOYA Financial Inc",63.9,-0.48,-0.75%,63.88,64.07,63.05,744800,2022-10-07
VRSK,"Verisk Analytics Inc",170.56,-5.13,-2.92%,174.07,174.54,169.91,705400,2022-10-07
VRSN,"Verisign Inc",177.86,-4.22,-2.32%,180.08,180.68,177.05,731800,2022-10-07
VRT,"Vertiv Holdings Llc.",10.95,-0.91,-7.67%,11.62,11.76,10.92,2473300,2022-10-07
VRTX,"Vertex Pharmaceutic",295.23,-3.4,-1.14%,295.91,300.05,292.73,1424700,2022-10-07
VSAT,"Viasat Inc",38.3,-1.94,-4.82%,40.07,40.2,38.24,433200,2022-10-07
VSCO,"Victorias Secret & CO",33.9,1.02,+3.10%,32.24,34,32.12,1379600,2022-10-07
VST,"Vistra Energy Corp",21.97,-0.68,-3.00%,22.51,22.61,21.93,3270700,2022-10-07
VTR,"Ventas Inc",37.72,-0.61,-1.59%,38.24,38.28,37.28,2470900,2022-10-07
VTRS,"Viatris Inc",8.74,-0.2,-2.24%,8.9,8.9,8.67,8055600,2022-10-07
VVV,"Valvoline Inc",25.12,-0.91,-3.50%,25.91,25.99,24.8,2900500,2022-10-07
VZ,"Verizon Communications Inc",36.85,-0.99,-2.62%,37.63,37.7,36.81,31838600,2022-10-07
W,"Wayfair Inc",30.63,-3.02,-8.97%,32.35,32.53,30,5442300,2022-10-07
WAB,"Wabtec Corp",86.04,-1.36,-1.56%,86.09,86.64,85.34,562100,2022-10-07
WAL,"Western Alliance Bancorp",65.32,-2.4,-3.54%,66.89,66.94,64.71,618900,2022-10-07
WAT,"Waters Corp",276.5,-11.05,-3.84%,283.17,284.23,275.43,385800,2022-10-07
WBA,"Walgreens Boots Alliance",30.52,-1.73,-5.36%,32.03,32.07,30.39,11291000,2022-10-07
WBD,"Discovery Inc Series A",11.98,-0.51,-4.08%,12.38,12.48,11.88,14331200,2022-10-07
WBS,"Webster Financial Corp",46.67,-1.21,-2.53%,47.51,47.51,46.15,893600,2022-10-07
WCC,"Wesco International",124.35,-3.68,-2.87%,126.25,127.07,123.63,160100,2022-10-07
WDAY,"Workday Inc",152.88,-6.62,-4.15%,155.79,157.18,151.71,1537700,2022-10-07
WDC,"Western Digital Cp",35.74,-1.32,-3.56%,36.49,38.95,35.35,9719399,2022-10-07
WE,"Wework Inc",2.51,-0.3,-10.68%,2.72,2.75,2.34,7813800,2022-10-07
WEC,"Wisconsin Energy Corp",85.48,-1.04,-1.20%,86.58,86.93,84.75,2334900,2022-10-07
WELL,"Welltower Inc",58.6,-1.16,-1.94%,59.4,59.75,58.16,2773400,2022-10-07
WEN,"Wendys Company",19.1,-0.44,-2.25%,19.41,19.45,18.92,1885000,2022-10-07
WEX,"Wex Inc",143.81,-1.01,-0.70%,143.08,145.96,142.42,397000,2022-10-07
WFC,"Wells Fargo & Company",41.79,-0.45,-1.07%,42.03,42.12,41.39,17186699,2022-10-07
WH,"Wyndham Hotels & Resorts Inc",63.32,-0.83,-1.29%,63.37,63.46,62.31,565300,2022-10-07
WHR,"Whirlpool Corp",138.73,-4.18,-2.92%,140.26,141.2,137.3,550200,2022-10-07
WIX,"Wix.com Ltd",79.94,-4.97,-5.85%,82.56,83.35,78.76,711700,2022-10-07
WLK,"Westlake Corp",88.85,-1.36,-1.51%,89.23,90.73,88.37,783100,2022-10-07
WM,"Waste Management",155.24,-4.16,-2.61%,158,158.79,154.73,1963100,2022-10-07
WMB,"Williams Companies",29.79,-0.32,-1.06%,30.1,30.22,29.51,7169300,2022-10-07
WMS,"Advanced Drainage Systems Inc",129.8,-4.36,-3.25%,132.3,133.3,128.74,345400,2022-10-07
WMT,"Walmart Inc",128.56,-3.12,-2.37%,131.31,131.65,128.07,5693400,2022-10-07
WOLF,"Wolfspeed Inc",109.7,-5.37,-4.67%,112.39,114.03,108.79,2258100,2022-10-07
WOOF,"Petco Health and Wellness Company Cl A",10.81,-0.69,-6.00%,11.33,11.33,10.69,2819700,2022-10-07
WPC,"W.P. Carey & Co. Llc",71.32,-0.44,-0.61%,71.2,72.47,70.52,1421500,2022-10-07
WRB,"W.R. Berkley Corp",66.92,-0.87,-1.28%,67.37,67.53,66.47,1170100,2022-10-07
WRK,"Westrock Company",31.35,-0.69,-2.15%,31.55,31.73,31.15,1865900,2022-10-07
WSC,"Willscot Corp",42.65,-1.3,-2.96%,43.55,43.61,42.31,1627600,2022-10-07
WSM,Williams-Sonoma,118.45,-7.61,-6.04%,123.56,123.82,118.35,1292500,2022-10-07
WSO,"Watsco Inc",258.48,-9.71,-3.62%,265.11,265.38,256.43,264800,2022-10-07
WST,"West Pharmaceutical Services",249.82,-6.44,-2.51%,252.84,252.84,247.77,522800,2022-10-07
WTFC,"Wintrust Financial Corp",85.5,-2.29,-2.61%,87.09,87.09,85.11,319800,2022-10-07
WTM,"White Mountains Insurance Group",1315.7,-15.44,-1.16%,1323.43,1323.43,1309.24,6900,2022-10-07
WTRG,"Essential Utilities Inc",40.54,-1.02,-2.45%,41.44,41.48,40.31,925000,2022-10-07
WTW,"Willis Towers Watson Public Ltd CO",204.93,-5.69,-2.70%,208.6,210.05,203.87,458900,2022-10-07
WU,"Western Union Company",13.47,-0.37,-2.67%,13.76,13.78,13.37,5540100,2022-10-07
WWD,"Woodward Inc",84.26,-0.96,-1.13%,84.15,84.86,83.28,181000,2022-10-07
WWE,"World Wrestling Entertainment",72.73,-0.48,-0.66%,73.05,73.83,72.1,529200,2022-10-07
WY,"Weyerhaeuser Company",28.66,-0.51,-1.75%,28.97,29,28.5,3935300,2022-10-07
WYNN,"Wynn Resorts Ltd",73.09,-1.08,-1.46%,72.9,73.79,71.47,3061700,2022-10-07
X,"United States Steel Corp",18.81,-0.81,-4.13%,19.41,19.63,18.7,11292300,2022-10-07
XEL,"XCEL Energy Inc",59.86,-1.96,-3.17%,61.75,62.04,59.68,6476400,2022-10-07
XOM,"Exxon Mobil Corp",101.03,-1.03,-1.01%,102.19,103.32,100.18,24507600,2022-10-07
XPO,"Xpo Logistics Inc",48.75,-1.48,-2.95%,49.04,49.7,48.28,2016300,2022-10-07
XRAY,"Dentsply Sirona Inc",28.41,-1.01,-3.43%,29.22,29.22,28.23,1801200,2022-10-07
XYL,"Xylem Inc",89.27,-2.39,-2.61%,90.23,90.65,88.57,966800,2022-10-07
Y,"Alleghany Corp",843.1,-0.15,-0.02%,843.25,843.25,842.39,58500,2022-10-07
YETI,"Yeti Holdings Inc",29.57,-1.28,-4.15%,30.06,30.4,28.89,1922100,2022-10-07
YUM,"Yum! Brands",108.93,-1.19,-1.08%,109.48,109.5,108,1742000,2022-10-07
Z,"Zillow Group Cl C",29.23,-1.27,-4.16%,29.72,30.09,28.97,3027500,2022-10-07
ZBH,"Zimmer Biomet Holdings",108.26,-2.34,-2.12%,109.88,109.88,107.33,867100,2022-10-07
ZBRA,"Zebra Technologies",266.68,-13.67,-4.88%,273.82,275.69,266.05,345400,2022-10-07
ZEN,"Zendesk Inc",76.52,-0.14,-0.18%,76.56,76.63,76.31,1949300,2022-10-07
ZG,"Zillow Grp Inc Cl A",29.27,-1.34,-4.38%,29.95,30.22,28.98,603300,2022-10-07
ZI,"Zoominfo Technologies Inc Cl A",44.4,-4.22,-8.68%,47.42,47.49,43.95,4378100,2022-10-07
ZION,"Zions Bancorp",50.37,-2.04,-3.89%,51.75,51.92,50.17,1533100,2022-10-07
ZM,"Zoom Video Communications Cl A",76.59,-1.76,-2.25%,75.64,78.33,75.36,4464200,2022-10-07
ZS,"Zscaler Inc",170.09,-12.83,-7.01%,178,179.74,169.83,2536000,2022-10-07
ZTS,"Zoetis Inc Cl A",147.37,-5.22,-3.42%,151.08,151.41,146.95,2022500,2022-10-07
"Downloaded from Barchart.com as of 10-07-2022 08:21pm CDT"
